tract,stop_count,tract_area_m,total_route_length_m,total_route_count,total_route_length_to_area_ratio,population,population_with_income_to_poverty_level_under_0.50,population_with_income_to_poverty_level_between_0.50_and_0.99,population_in_labor_force,population_with_rent_>=50_percent_of_household_income,male_population,female_population,population_that_utilizes_public_transportation,distance_from_commute_hub_1
100,7,2178075.329367403,8986.306744236696,1,0.004125801630032082,2956.0,42.0,6.0,1222.0,11.0,1425.0,1531.0,0.0,0.04908266307446425
201,7,1225291.2785193338,8083.022291827076,2,0.0065968169638771605,2309.0,92.0,54.0,1130.0,84.0,1018.0,1291.0,9.0,0.045199098078666504
202,11,1851316.3964221354,23632.213877905553,2,0.012765086466893127,4116.0,171.0,0.0,2570.0,243.0,2160.0,1956.0,85.0,0.03810007571773466
301,8,569555.4161826347,18651.82114056897,5,0.03274803576723084,2250.0,78.0,308.0,1614.0,200.0,1204.0,1046.0,55.0,0.036690428070539835
302,16,704460.7730121324,50905.163268401295,9,0.07226117509814077,3042.0,33.0,169.0,2135.0,239.0,1599.0,1443.0,96.0,0.035475039210573385
400,17,1669388.403542203,69188.37416187253,9,0.04144534250691134,3607.0,158.0,35.0,2379.0,402.0,2116.0,1491.0,140.0,0.043417178956614164
500,3,1572093.254422997,20911.634108484235,7,0.013301777136725519,3045.0,128.0,78.0,1810.0,103.0,1452.0,1593.0,59.0,0.053263975919126766
600,15,1322567.3165566013,118287.51861811963,10,0.08943780565067165,3196.0,180.0,67.0,2322.0,197.0,1887.0,1309.0,12.0,0.04576181915036943
700,11,1105730.3446141095,77067.58189485484,10,0.06969835120311432,4342.0,117.0,264.0,2736.0,251.0,2316.0,2026.0,15.0,0.03936559833952447
800,6,898541.3832446137,22198.28370745658,5,0.0247047983781215,5230.0,249.0,102.0,3408.0,488.0,2968.0,2262.0,89.0,0.04240786764761093
901,9,496958.8711761216,19259.78647262287,5,0.03875529262017586,3310.0,96.0,161.0,2701.0,269.0,1757.0,1553.0,93.0,0.04924022414811943
902,10,384428.1586303456,36292.100134096545,5,0.09440541573072934,2208.0,149.0,88.0,1304.0,82.0,1068.0,1140.0,49.0,0.04714037444563979
1000,20,1204062.201106155,44591.799788983095,5,0.037034465285943896,4327.0,80.0,187.0,2883.0,257.0,2123.0,2204.0,78.0,0.05542975268042501
1100,10,1327344.0502845943,20893.275980352177,4,0.015740663451855208,3083.0,57.0,44.0,2071.0,156.0,1659.0,1424.0,20.0,0.06288454166540698
1201,5,451596.8994527336,14622.701048777744,4,0.03237998548373167,2478.0,104.0,96.0,1516.0,227.0,1106.0,1372.0,103.0,0.06054777397226499
1202,2,520846.05463359854,14220.294786694123,3,0.02730229913462189,3132.0,310.0,83.0,2275.0,340.0,1815.0,1317.0,172.0,0.05762538230766076
1301,11,499285.65711733565,28586.948385201293,6,0.05725569716993324,2761.0,110.0,143.0,2223.0,218.0,1371.0,1390.0,81.0,0.05571762438604544
1302,4,623468.9806421101,27022.792971036255,5,0.043342642232506105,3329.0,116.0,8.0,2548.0,242.0,1790.0,1539.0,98.0,0.051947012782220046
1400,10,1057935.380288642,25179.222877226304,4,0.023800341066537098,3515.0,210.0,160.0,2373.0,312.0,1795.0,1720.0,14.0,0.04739122047693087
1500,3,1124454.7698782422,11773.56020651681,2,0.010470461348829238,3908.0,151.0,46.0,2811.0,160.0,2015.0,1893.0,28.0,0.053465226576117464
1600,12,975665.7944025445,40063.71515134793,4,0.041062949404597315,5625.0,483.0,696.0,3082.0,584.0,2553.0,3072.0,224.0,0.06139484583320264
1700,5,899477.3726820705,14766.512437578484,2,0.016416769210711273,4244.0,287.0,17.0,3062.0,318.0,2221.0,2023.0,10.0,0.06665140000894425
1801,4,445202.65098268766,11745.050380310553,3,0.026381357690449324,1847.0,338.0,72.0,1156.0,214.0,919.0,928.0,22.0,0.07287244033963228
1802,10,618649.0397374625,11733.369384354632,1,0.01896611589235465,3269.0,239.0,89.0,2462.0,212.0,1680.0,1589.0,62.0,0.06859028274131675
1900,3,2606729.3888269095,14003.101778231441,4,0.005371904670370548,2993.0,87.0,127.0,1937.0,133.0,1275.0,1718.0,39.0,0.0742405672348806
2001,5,3496009.0718536447,71067.00517001924,5,0.020328037973979935,3236.0,64.0,21.0,1579.0,45.0,1784.0,1452.0,0.0,0.08396361788116788
2002,2,1814925.8651773569,33224.181325385325,3,0.0183060817870589,2592.0,130.0,140.0,1588.0,94.0,1373.0,1219.0,15.0,0.08909657961123245
2100,11,1263857.5865564675,40833.31876466579,6,0.032308480954662856,5214.0,222.0,425.0,3514.0,459.0,2499.0,2715.0,129.0,0.07387005049270877
2201,7,506665.6137246035,23598.79463655594,6,0.046576665156090484,3376.0,281.0,767.0,1500.0,379.0,1870.0,1506.0,246.0,0.06726029257175278
2202,17,690288.8082980701,43469.38815605219,8,0.06297275521998887,5807.0,470.0,1129.0,2829.0,307.0,2933.0,2874.0,334.0,0.07369366290249024
2301,8,600242.7332470147,18999.17842044783,3,0.03165249218040796,2908.0,247.0,157.0,1741.0,273.0,1480.0,1428.0,72.0,0.0858806503284605
2302,17,749753.2472878104,33163.62588477405,6,0.04423272057139008,6673.0,891.0,690.0,3077.0,568.0,3199.0,3474.0,574.0,0.08027032824072243
2401,10,927680.9436109519,31386.932894447196,5,0.03383375837416162,4955.0,292.0,888.0,2700.0,238.0,2707.0,2248.0,199.0,0.06198283915677683
2402,14,711494.422791441,34920.18908054394,6,0.049080060169045106,4879.0,459.0,940.0,2283.0,556.0,2627.0,2252.0,212.0,0.07053883327616002
2501,5,1782057.220589904,27728.0193430065,4,0.015559556125716242,5034.0,329.0,904.0,2630.0,193.0,2626.0,2408.0,209.0,0.06481588843838407
2502,14,2682774.5259258617,37621.89545352846,5,0.014023502567941163,7034.0,545.0,1267.0,3080.0,263.0,3460.0,3574.0,146.0,0.061241035095732095
2601,13,1183757.491394399,29356.2586830275,4,0.024799216812936488,5551.0,622.0,1477.0,2521.0,411.0,2849.0,2702.0,49.0,0.07705474695098438
2602,9,1087465.2749546352,20052.27945764483,2,0.018439466454210532,4794.0,462.0,550.0,2124.0,478.0,2158.0,2636.0,158.0,0.07188542362320259
2702,17,1927634.8057302495,68332.02066219795,8,0.0354486339731304,5609.0,340.0,637.0,2834.0,410.0,3030.0,2579.0,11.0,0.10191371757669586
2703,25,2780390.998740491,100628.48060127231,8,0.036192204854229755,6982.0,192.0,592.0,3700.0,295.0,3428.0,3554.0,34.0,0.10300328546200051
2705,9,1739324.9727540761,42521.192723935004,3,0.02444695119659338,4158.0,201.0,336.0,1687.0,263.0,1892.0,2266.0,112.0,0.08446098063339212
2707,7,543797.0176803756,14975.844101750434,5,0.027539400943446694,5553.0,559.0,1551.0,1932.0,511.0,2990.0,2563.0,185.0,0.08661244247595883
2708,11,907140.3186866945,34551.3680469587,6,0.03808822883870951,5080.0,302.0,1380.0,2146.0,691.0,2430.0,2650.0,179.0,0.09162467676442965
2709,5,880017.4712591225,9338.961594952314,3,0.010612245665520933,3972.0,805.0,742.0,1579.0,374.0,2127.0,1845.0,221.0,0.08313793951031843
2710,6,971993.5266425831,18269.981258931282,4,0.01879640219625602,3771.0,109.0,514.0,1815.0,332.0,2152.0,1619.0,162.0,0.08796280561394494
2711,6,2058662.1637768191,23405.097028482553,3,0.01136908106648426,3423.0,141.0,281.0,1078.0,179.0,1763.0,1660.0,11.0,0.09999873196533283
2712,24,3109736.9371952293,55790.13489414258,3,0.017940467641118698,5678.0,942.0,532.0,2555.0,358.0,2789.0,2889.0,161.0,0.08938388843562371
2801,15,4065767.396438262,115568.51417087365,10,0.028424772718703792,2516.0,878.0,115.0,1032.0,245.0,1250.0,1266.0,51.0,0.10579837489994837
2803,14,1572424.8816285126,37418.75185449476,4,0.023796845427516575,4872.0,306.0,314.0,2750.0,136.0,2478.0,2394.0,20.0,0.09617772027758195
2804,16,2086393.8151748234,57549.392395710354,8,0.027583187784175907,5659.0,1349.0,407.0,2542.0,369.0,3126.0,2533.0,41.0,0.10641507762904835
2902,12,2227036.048296148,31019.544033238835,8,0.013928622330550575,6166.0,891.0,346.0,3179.0,561.0,3179.0,2987.0,214.0,0.11709425127199811
2903,10,1995347.9975267022,42887.588817479664,7,0.02149378898850737,4224.0,231.0,200.0,2072.0,181.0,1937.0,2287.0,112.0,0.11582213492666565
2904,22,2556559.265319823,72287.35885102914,9,0.028275252536336597,9844.0,3152.0,808.0,3917.0,1086.0,4553.0,5291.0,109.0,0.11810378835830962
2905,10,1625808.979714639,22861.17181971828,3,0.01406141318258118,4541.0,418.0,531.0,2582.0,409.0,2130.0,2411.0,157.0,0.13072620690709277
3001,17,3369847.00920596,49159.02393828903,7,0.014587909719341357,4949.0,55.0,264.0,2107.0,37.0,2471.0,2478.0,123.0,0.08799368235426006
3003,4,4637862.140975313,11939.773585580271,4,0.0025744132151089365,5588.0,774.0,205.0,2402.0,76.0,3207.0,2381.0,14.0,0.10856751102093168
3004,21,1736859.553449409,35702.535634462925,4,0.02055579886327456,5456.0,366.0,691.0,2222.0,323.0,2580.0,2876.0,196.0,0.10179171128387692
3101,19,1487202.7833727056,29571.79796203357,3,0.01988417335729436,4089.0,153.0,307.0,1913.0,86.0,2033.0,2056.0,164.0,0.08426300965502649
3103,21,2888828.8482219144,47274.51633954974,4,0.016364595766428805,6069.0,279.0,75.0,2816.0,24.0,3154.0,2915.0,115.0,0.12059012134045424
3105,28,1714622.9467645215,28108.98396724567,3,0.016393682366310957,5203.0,231.0,283.0,2443.0,96.0,2893.0,2310.0,68.0,0.13492367845177797
3107,9,2226673.824356592,20227.2484220421,4,0.009084064401703227,5338.0,273.0,121.0,2479.0,103.0,2606.0,2732.0,83.0,0.14079002784802727
3108,3,1535273.280979438,29576.375009906358,4,0.01926456701639327,3563.0,227.0,77.0,1654.0,111.0,1852.0,1711.0,35.0,0.1477002839269462
3109,5,1548707.1195996085,16203.359544614386,2,0.010462507300155943,3492.0,123.0,282.0,1644.0,7.0,1801.0,1691.0,55.0,0.1092768674161679
3111,16,2035758.0863915593,53102.569366406045,6,0.026084911425076,6681.0,897.0,571.0,2750.0,467.0,3389.0,3292.0,74.0,0.08706642656147603
3112,21,2139091.0956006395,47785.67904119215,4,0.022339244522811833,3908.0,61.0,394.0,1757.0,114.0,2085.0,1823.0,41.0,0.1006990170294822
3113,9,2247760.725621261,26245.954231024218,3,0.01167648937534046,4597.0,143.0,109.0,2400.0,133.0,2112.0,2485.0,14.0,0.09967772698580439
3114,10,1608583.807136242,18877.10794297881,2,0.011735234346655325,3560.0,91.0,211.0,1559.0,5.0,1925.0,1635.0,86.0,0.1194795058380275
3115,10,2170568.5995566975,34915.445244616894,4,0.01608585199829565,5866.0,555.0,401.0,2322.0,144.0,2867.0,2999.0,53.0,0.12769823189970725
3201,7,2290374.7255819887,13349.377666145314,2,0.005828468816496048,5372.0,376.0,105.0,2126.0,207.0,2660.0,2712.0,20.0,0.10491042459297785
3202,3,1833491.3581644678,3480.5804838175663,1,0.001898334818061003,4654.0,131.0,222.0,2194.0,179.0,2279.0,2375.0,92.0,0.10535164789713787
3204,11,4938945.21759861,63777.65200411416,4,0.012913213083809792,3200.0,82.0,211.0,1454.0,79.0,1552.0,1648.0,83.0,0.11628269822730987
3207,4,7917894.74524488,5667.823368137298,2,0.0007158245405498891,6413.0,39.0,189.0,3259.0,83.0,3097.0,3316.0,12.0,0.13675728499689582
3208,11,1925904.062237567,20393.57845086006,2,0.010589093636972888,6788.0,506.0,501.0,2870.0,259.0,3464.0,3324.0,56.0,0.1218206552301976
3209,10,1863984.8401852925,16456.202847839275,2,0.008828506805990663,5424.0,64.0,185.0,2747.0,319.0,2561.0,2863.0,25.0,0.1270630933429774
3211,1,1214051.0104137787,2858.8963821656353,1,0.00235484041250561,3250.0,84.0,41.0,1648.0,63.0,1613.0,1637.0,61.0,0.11335074800845678
3212,10,1779898.9994380863,12150.822930990904,1,0.0068266923768297615,4102.0,45.0,187.0,2008.0,53.0,2060.0,2042.0,29.0,0.11660877321484343
3213,2,1694728.5062241612,4078.425707535854,3,0.0024065363228134677,3798.0,86.0,187.0,2055.0,68.0,1746.0,2052.0,108.0,0.13438521735476747
3214,5,1758842.3851640497,12357.332759270656,3,0.007025832936200289,5058.0,128.0,115.0,2280.0,217.0,2743.0,2315.0,46.0,0.1432523041517179
3301,24,2159748.8521004342,58377.599481698395,6,0.02702980924144215,3760.0,465.0,382.0,1677.0,241.0,1782.0,1978.0,127.0,0.06320170797267448
3303,12,881757.1279034308,27408.61219293627,3,0.031084083502796515,4725.0,380.0,488.0,2070.0,400.0,2230.0,2495.0,80.0,0.06633483088797777
3304,12,834125.1428657186,50599.23162791594,6,0.06066143918654379,3454.0,456.0,344.0,1526.0,327.0,1504.0,1950.0,90.0,0.07348478620609603
3305,20,1834041.782082911,61785.29986179447,6,0.03368805469176675,7060.0,1156.0,1191.0,2971.0,465.0,3342.0,3718.0,187.0,0.07556891920720281
3401,18,3974463.343158439,37910.064056887604,7,0.009538410795043618,6494.0,132.0,221.0,2820.0,173.0,3243.0,3251.0,79.0,0.07273710274202347
3403,11,1960267.4665125816,31241.610939283888,5,0.015937422557373942,4096.0,81.0,371.0,1856.0,134.0,2261.0,1835.0,105.0,0.05724697415332916
3404,31,2366597.0726896683,93830.85990521195,10,0.03964800809906013,4800.0,236.0,903.0,2072.0,108.0,2455.0,2345.0,120.0,0.0697929576389526
3501,20,1682737.3121087744,36003.300415996295,4,0.021395674866731065,4023.0,530.0,674.0,1809.0,280.0,2051.0,1972.0,140.0,0.04827565770155176
3502,17,1104711.927519055,26337.960537971594,2,0.023841473855651198,4895.0,336.0,646.0,2034.0,278.0,2282.0,2613.0,307.0,0.05145698828255917
3601,13,1272730.7542913042,18482.012064815077,2,0.01452154118418112,3357.0,146.0,452.0,1345.0,116.0,1730.0,1627.0,104.0,0.05118065089036435
3602,7,930811.9818771933,19405.230138460014,2,0.020847636812028322,3609.0,355.0,198.0,1485.0,130.0,1837.0,1772.0,289.0,0.05817438634278059
3603,3,959397.4810365863,5826.026248269123,3,0.006072588643837548,2992.0,72.0,545.0,1472.0,204.0,1365.0,1627.0,54.0,0.060532949258967135
3800,14,4498980.329544213,50450.953839294176,2,0.011213864063372181,10676.0,0.0,0.0,364.0,0.0,8939.0,1737.0,1109.0,0.044970190982839074
3901,13,908569.5222816651,21409.767017345577,3,0.023564258421942035,4422.0,337.0,669.0,1949.0,286.0,2539.0,1883.0,265.0,0.036850316863795994
3902,23,1659697.3602685863,28791.624554266367,3,0.01734751482017605,4603.0,114.0,410.0,2394.0,354.0,2494.0,2109.0,203.0,0.03875855322062995
4000,12,1212627.1525628848,36952.2284406775,3,0.030472869061672455,4130.0,456.0,470.0,1929.0,367.0,1993.0,2137.0,123.0,0.036458553386457364
4101,14,1607438.39022039,31715.25249359189,4,0.019730306733089488,4318.0,287.0,166.0,2611.0,573.0,2129.0,2189.0,94.0,0.035712712694267276
4102,7,538380.9243966393,17834.239194402224,5,0.03312568924017685,2004.0,102.0,297.0,1060.0,135.0,1005.0,999.0,70.0,0.02653826937671878
4200,0,3532757.9520839746,20311.839692690453,3,0.005749570156853938,5749.0,101.0,164.0,3193.0,196.0,2851.0,2898.0,33.0,0.04857548293325687
4300,6,1443130.2270592912,6772.190289342083,1,0.004692709058656455,4091.0,218.0,95.0,2422.0,120.0,2008.0,2083.0,250.0,0.04421813798117214
4400,6,1330125.214924633,6414.329889245904,1,0.004822350420301859,4088.0,347.0,117.0,2456.0,242.0,2265.0,1823.0,122.0,0.0380179152470371
4501,8,464372.4183876319,4516.148674666911,1,0.009725273284635705,2431.0,95.0,172.0,1902.0,262.0,1085.0,1346.0,189.0,0.027724155270603092
4600,8,548019.7382629293,14749.077291566318,5,0.02691340523302465,2005.0,121.0,80.0,1266.0,126.0,986.0,1019.0,91.0,0.02074499015199039
4700,7,493594.0559350394,14660.695487317409,4,0.029701928763191717,1580.0,65.0,81.0,1030.0,145.0,850.0,730.0,86.0,0.01901274317364034
4800,17,797967.2294724318,25049.32689309694,4,0.031391423065904665,3789.0,343.0,665.0,1609.0,384.0,2216.0,1573.0,122.0,0.025656974530908414
4900,9,1120274.430589704,16409.39661732824,3,0.01464765790351071,5173.0,410.0,768.0,2465.0,266.0,2479.0,2694.0,100.0,0.026772649344932075
5000,27,3433089.9244757206,82143.47130336257,4,0.023926979225837492,2147.0,221.0,355.0,863.0,203.0,1118.0,1029.0,82.0,0.02539414521745707
5101,4,320977.2995416092,12412.703928264964,6,0.038671594365058425,2074.0,84.0,163.0,976.0,234.0,964.0,1110.0,66.0,0.014110272060643766
5102,11,321578.2396109407,47426.42952794505,9,0.14748022000905162,3874.0,259.0,306.0,2520.0,659.0,2470.0,1404.0,161.0,0.009616375752543226
5103,22,3734425.620329898,76518.92970829533,8,0.020490146943008512,2198.0,591.0,448.0,631.0,96.0,1086.0,1112.0,74.0,0.014944844247281052
5201,10,716194.4661429283,47884.680916822275,12,0.06685988677726826,3034.0,203.0,211.0,1875.0,458.0,1849.0,1185.0,152.0,0.014218983903836918
5202,25,331409.46949158295,86352.21627282155,19,0.2605604975781016,4706.0,700.0,614.0,2128.0,900.0,2623.0,2083.0,202.0,0.011155470475190608
5301,19,564008.4121023476,60674.84305272556,17,0.10757790442621133,2533.0,230.0,137.0,1672.0,436.0,1396.0,1137.0,158.0,0.008863912652725452
5302,23,670348.7892687859,81299.46831156258,18,0.12127935428994174,3924.0,80.0,216.0,767.0,126.0,3066.0,858.0,26.0,0.006420906610975693
5401,5,371058.226854372,12725.759736545511,6,0.03429585659487331,1760.0,23.0,123.0,1170.0,99.0,1006.0,754.0,59.0,0.005328190056419237
5402,23,1122319.630951668,76703.71213946104,15,0.06834391025880955,4238.0,364.0,88.0,2595.0,113.0,2140.0,2098.0,166.0,0.009029496028425394
5403,10,731502.2264047571,29217.084788108215,3,0.039941211022291166,2465.0,68.0,85.0,1129.0,153.0,1301.0,1164.0,30.0,0.002270641776929857
5500,2,623959.8395939391,12239.437583984401,2,0.019615745769711056,316.0,0.0,0.0,16.0,0.0,228.0,88.0,0.0,0.023870837480916993
5601,4,328641.8973334107,13130.24826992785,4,0.03995305643153305,2751.0,205.0,131.0,1725.0,249.0,1515.0,1236.0,20.0,0.012630027642876015
5602,10,7567217.525945824,140515.92910192825,6,0.018569035265622976,2111.0,129.0,108.0,1603.0,276.0,1095.0,1016.0,73.0,0.015407229154356782
5700,9,385901.7705990923,15883.546264460405,3,0.04115955788386778,1579.0,278.0,124.0,792.0,140.0,737.0,842.0,29.0,0.016265474473309914
5801,1,468219.0142941046,39057.94965226821,5,0.08341811942676586,1691.0,109.0,59.0,1161.0,342.0,913.0,778.0,57.0,0.017148123696320603
5802,13,677027.0467386221,44374.03804224617,8,0.06554248941161951,2448.0,113.0,61.0,1925.0,299.0,1237.0,1211.0,54.0,0.013542385299726943
5900,9,594075.6001837344,17685.006461296725,4,0.029768949365749316,3071.0,143.0,104.0,1938.0,343.0,1612.0,1459.0,68.0,0.020782433678414747
6000,24,1430040.4383252524,41346.7085484286,4,0.02891296458500888,3910.0,77.0,344.0,2310.0,410.0,1956.0,1954.0,15.0,0.02698142273626677
6100,7,1264375.5822803215,58247.134186231975,4,0.04606790498214331,2262.0,53.0,42.0,1322.0,40.0,1081.0,1181.0,79.0,0.030053437164469538
6200,16,5143036.047571626,45449.10546782733,4,0.008837018649575073,41.0,0.0,0.0,11.0,0.0,41.0,0.0,0.0,0.03482260064662266
6300,1,2253798.0823132177,16215.044940620377,2,0.007194541990193653,3249.0,0.0,0.0,279.0,0.0,3186.0,63.0,43.0,0.046319424609936065
6500,53,5278442.287855801,287947.8702907476,15,0.05455167539734857,3332.0,566.0,241.0,1416.0,304.0,2035.0,1297.0,90.0,0.05510621142042181
6600,4,721925.5023489113,6359.851212807798,3,0.008809567181260265,1863.0,257.0,5.0,298.0,263.0,924.0,939.0,0.0,0.05673975712978047
6801,10,953680.82166672,20330.598890146466,3,0.0213180326459908,3157.0,153.0,81.0,1989.0,184.0,1534.0,1623.0,0.0,0.07993106343540692
6802,11,1455126.2700370331,18439.50447773974,5,0.012672099224262136,5776.0,524.0,364.0,3316.0,572.0,3400.0,2376.0,81.0,0.06959287105831503
6900,8,2580416.7326043746,10909.523261807497,3,0.004227814493667728,6063.0,273.0,438.0,3254.0,112.0,2713.0,3350.0,0.0,0.06812886225862755
7002,9,2045534.3741878045,15635.126732069397,2,0.007643541428277121,2983.0,86.0,109.0,1528.0,33.0,1561.0,1422.0,0.0,0.0757511622852824
7100,26,4055709.0425923495,66904.90644861398,2,0.01649647589262206,4320.0,174.0,28.0,1899.0,328.0,2135.0,2185.0,0.0,0.07528927255378594
7200,9,4980738.972761498,20142.012770034322,2,0.00404398079887067,5905.0,65.0,146.0,1981.0,98.0,2616.0,3289.0,26.0,0.08843694354058067
7302,0,1183306.8549446457,0.0,0,0.0,2588.0,76.0,31.0,1289.0,114.0,1426.0,1162.0,5.0,0.0853389397496195
7303,7,512192.8004365854,4700.371148392089,1,0.009176956693623112,1827.0,44.0,63.0,1203.0,186.0,810.0,1017.0,0.0,0.09359573497461171
7304,5,1123536.174276554,4385.210799758819,2,0.0039030437115942975,3525.0,294.0,149.0,2357.0,269.0,2044.0,1481.0,108.0,0.09418131861404434
7401,5,840200.6665338906,4483.741970882282,2,0.005336513227702163,3034.0,0.0,320.0,1756.0,160.0,1727.0,1307.0,22.0,0.07806453161635002
7402,10,1302337.7577589916,5941.994734810204,2,0.004562560441336617,4294.0,273.0,0.0,2535.0,101.0,1846.0,2448.0,41.0,0.08183699569675934
7501,10,1465703.4319392212,9690.198635428253,2,0.006611295589727512,4061.0,69.0,353.0,3062.0,418.0,1887.0,2174.0,89.0,0.09126883560110799
7502,4,1218099.3329595514,6033.080182400462,2,0.004952863875019295,3178.0,170.0,96.0,2267.0,243.0,1845.0,1333.0,56.0,0.09274110931957937
7601,22,26099178.71155384,124229.20444112181,3,0.0047598894131533264,2350.0,251.0,42.0,1510.0,75.0,1410.0,940.0,12.0,0.11089798073489433
7602,5,1181108.5686711494,8807.268443171415,1,0.007456781431261957,1719.0,43.0,51.0,1363.0,0.0,995.0,724.0,45.0,0.10499403874305792
7701,8,806839.4536189889,15518.095000121433,1,0.01923318812747287,4263.0,38.0,201.0,3128.0,365.0,2559.0,1704.0,37.0,0.11152965117832085
7702,13,877483.2707243017,15514.691194557588,1,0.017680896846900895,3377.0,254.0,82.0,2586.0,395.0,1461.0,1916.0,57.0,0.10894312798150936
7800,18,2835573.292052644,50038.08461137911,3,0.017646549553708424,6096.0,404.0,36.0,3763.0,451.0,3444.0,2652.0,70.0,0.1133871330869339
7905,10,810853.6287375478,13309.84344088961,2,0.01641460674180156,2541.0,144.0,252.0,1951.0,138.0,1484.0,1057.0,21.0,0.1276178027693794
7907,16,666721.6171921088,26607.549337508575,4,0.03990803455506062,3402.0,394.0,147.0,2518.0,249.0,1488.0,1914.0,32.0,0.11737722188696688
7908,8,651679.9932193046,19137.792695444357,4,0.02936685627082627,3484.0,104.0,135.0,2705.0,203.0,1794.0,1690.0,70.0,0.11370932381924811
7910,15,1417807.8938508714,28829.78071843912,3,0.020334052902001624,2933.0,79.0,225.0,2157.0,304.0,1488.0,1445.0,32.0,0.1215553203588528
7911,8,510027.1484555564,10328.612257045403,2,0.020251102884076052,2207.0,210.0,24.0,1496.0,176.0,1122.0,1085.0,17.0,0.11890458811890958
7912,5,565377.0693668601,5142.1068707077875,2,0.009095004288847791,1680.0,59.0,18.0,1310.0,89.0,912.0,768.0,25.0,0.12242584370581167
8002,0,1549548.0789848403,0.0,0,0.0,2629.0,87.0,10.0,1460.0,59.0,1477.0,1152.0,0.0,0.1260412677222616
8003,4,1065470.4731652292,6413.219470312775,1,0.006019143309772637,3412.0,76.0,160.0,2472.0,183.0,1936.0,1476.0,12.0,0.13274542717116314
8006,9,2114526.1748990663,10884.812826967018,1,0.005147636835229333,3792.0,181.0,63.0,2276.0,201.0,1996.0,1796.0,32.0,0.1392116802156676
8101,15,2093670.3452759064,14381.227733910815,1,0.006868907402906182,3645.0,163.0,63.0,1792.0,299.0,1798.0,1847.0,0.0,0.167834507622653
8102,13,2703967.757812034,14506.60461772351,1,0.005364932542487785,3332.0,26.0,21.0,1260.0,50.0,1819.0,1513.0,7.0,0.1540045540634605
8201,12,1190712.7732979457,12976.033907285639,1,0.01089770278632823,2017.0,57.0,24.0,854.0,217.0,1184.0,833.0,0.0,0.17366786233850334
8202,0,1609197.4796223952,1046.5685800311396,1,0.0006503667780269711,1129.0,44.0,10.0,325.0,117.0,454.0,675.0,0.0,0.176791366825104
8301,0,3343200.1462792037,0.0,0,0.0,3122.0,23.0,40.0,1373.0,48.0,1597.0,1525.0,11.0,0.12712499474060424
8303,2,6259170.0090756975,5340.13845046222,1,0.0008531703792546143,3243.0,123.0,285.0,1347.0,16.0,1536.0,1707.0,0.0,0.16289275695556224
8305,44,6338052.037604177,209151.7670585933,12,0.032999376751354975,1063.0,197.0,12.0,569.0,98.0,555.0,508.0,86.0,0.18014949708687417
8306,1,3878029.7232532194,33785.48668466827,3,0.008712023655230303,2822.0,0.0,65.0,1371.0,0.0,1406.0,1416.0,9.0,0.15112099151716313
8307,13,3089830.8802174428,46930.75376892708,3,0.015188777505396798,4329.0,270.0,157.0,1948.0,61.0,2360.0,1969.0,45.0,0.15172939991797293
8310,0,7337021.9325342635,0.0,0,0.0,6219.0,144.0,173.0,2826.0,83.0,3287.0,2932.0,0.0,0.141498989829347
8311,0,3566519.976141934,0.0,0,0.0,2668.0,36.0,93.0,976.0,27.0,1437.0,1231.0,8.0,0.15333029496426923
8312,41,16785667.28725039,71533.51624469558,5,0.004261583112577783,3492.0,46.0,118.0,1498.0,115.0,1507.0,1985.0,0.0,0.17678322753697961
8313,2,3376126.107399033,11369.890522581278,5,0.003367732768531161,2244.0,46.0,33.0,961.0,13.0,1107.0,1137.0,9.0,0.16896715159328096
8324,1,7855819.20522792,1604.7337834286395,2,0.00020427325801499038,6917.0,8.0,163.0,3509.0,87.0,3743.0,3174.0,0.0,0.2523179429103271
8327,1,9009285.009220308,5248.969848706475,1,0.0005826178041137072,5617.0,193.0,54.0,2743.0,157.0,2592.0,3025.0,0.0,0.2607455860650005
8328,0,10158847.380139418,0.0,0,0.0,6934.0,229.0,69.0,2889.0,79.0,3221.0,3713.0,34.0,0.25955437043622454
8330,0,2183795.00139763,0.0,0,0.0,4610.0,90.0,207.0,2044.0,154.0,2239.0,2371.0,21.0,0.24994750323130605
8331,0,1358600.0023162393,0.0,0,0.0,2625.0,19.0,16.0,1432.0,38.0,1225.0,1400.0,36.0,0.24222443907767438
8336,0,1180373.5326700404,0.0,0,0.0,2147.0,23.0,0.0,1153.0,0.0,1050.0,1097.0,18.0,0.2611472208612492
8337,0,2239851.7545256177,0.0,0,0.0,5009.0,36.0,67.0,2329.0,0.0,2581.0,2428.0,26.0,0.2514733645202448
8339,40,16868693.1176525,276521.585555426,17,0.016392590915419277,1788.0,483.0,197.0,1095.0,234.0,1034.0,754.0,57.0,0.1816806801753298
8343,5,1088832.2256802404,28261.894183437857,7,0.02595615147759007,4339.0,769.0,313.0,2570.0,451.0,2250.0,2089.0,275.0,0.16345930264660366
8344,5,2896904.8671105737,27055.858009749852,4,0.009339574218305575,3665.0,113.0,78.0,1724.0,27.0,1791.0,1874.0,44.0,0.15251861894602345
8345,2,2717098.638124665,19531.194027271857,3,0.00718825358535833,4186.0,180.0,144.0,1941.0,415.0,1827.0,2359.0,10.0,0.14521191584581114
8346,40,16707388.404665206,134663.7301539603,5,0.008060130457992951,4372.0,39.0,71.0,2434.0,17.0,2183.0,2189.0,23.0,0.21174962150148013
8347,0,3226346.88442071,1377.0145840402397,1,0.00042680301696309457,6885.0,96.0,108.0,3657.0,72.0,3562.0,3323.0,20.0,0.21721112867370662
8348,4,2843400.7516859504,29178.299750875736,3,0.010261761284818862,5063.0,240.0,125.0,2750.0,61.0,2414.0,2649.0,108.0,0.20505794206006908
8349,8,1365812.9073593821,35293.140437336384,4,0.025840391643077224,3811.0,111.0,40.0,2000.0,45.0,1972.0,1839.0,4.0,0.2093867750389499
8350,46,22084464.663978416,193300.59571985266,7,0.008752786117344374,6612.0,354.0,85.0,3458.0,97.0,3538.0,3074.0,119.0,0.19575918648713458
8351,4,1507576.9921002905,34427.190729950584,4,0.022836107814293533,4578.0,36.0,278.0,2664.0,145.0,2419.0,2159.0,51.0,0.19857010139362413
8352,5,990624.7372330681,5472.693556167429,1,0.005524487074140011,3905.0,182.0,26.0,2037.0,88.0,1891.0,2014.0,92.0,0.21991011402640603
8353,0,2782624.9119061353,0.0,0,0.0,4928.0,205.0,195.0,2432.0,71.0,2666.0,2262.0,78.0,0.22476670095831106
8355,0,1272679.8734808145,626.5661571282048,5,0.000492320315724432,3065.0,10.0,38.0,1675.0,67.0,1508.0,1557.0,10.0,0.21659949700754533
8356,7,862151.7672356793,9117.938969835357,1,0.01057579340012286,3980.0,74.0,215.0,1982.0,182.0,2014.0,1966.0,82.0,0.21381707000252678
8357,7,1300596.87541575,39582.16230163822,4,0.030433843914153144,4458.0,367.0,402.0,2579.0,144.0,2295.0,2163.0,93.0,0.2098802389008089
8358,33,2681519.6507933186,95565.04416862126,5,0.03563839039566563,7334.0,174.0,378.0,4085.0,129.0,3826.0,3508.0,114.0,0.20295647570216097
8359,17,1584464.0721291746,65473.89038256831,7,0.041322420327641544,4596.0,200.0,263.0,2694.0,337.0,2418.0,2178.0,76.0,0.20375492344961604
8360,23,3962879.613913015,35744.00608714725,3,0.009019705257171063,7160.0,211.0,221.0,3369.0,210.0,3527.0,3633.0,60.0,0.19724496059439298
8361,10,802574.4409832056,49982.61163484882,9,0.06227785122787725,2742.0,465.0,408.0,1533.0,281.0,1343.0,1399.0,122.0,0.17411903719960306
8362,5,1259450.5998035364,18157.18334121021,5,0.014416749131758383,3256.0,203.0,75.0,1666.0,170.0,1804.0,1452.0,40.0,0.1652510391546621
8363,3,361607.2335606309,19979.77196011114,4,0.05525268884523329,5033.0,1432.0,538.0,2973.0,668.0,2632.0,2401.0,502.0,0.16801047242970485
8364,2,1405890.1871774262,50396.59172699173,6,0.03584674833542428,4958.0,998.0,281.0,3127.0,395.0,2565.0,2393.0,432.0,0.16620349342572993
8365,0,3274703.381523613,0.0,0,0.0,2706.0,14.0,45.0,1370.0,19.0,1252.0,1454.0,23.0,0.235404564633238
8366,0,8592997.769574776,0.0,0,0.0,7030.0,152.0,60.0,3706.0,42.0,3682.0,3348.0,0.0,0.23936845840069607
8367,0,2651226.993369562,0.0,0,0.0,2881.0,196.0,76.0,1440.0,181.0,1429.0,1452.0,0.0,0.25752065972067517
8368,0,3764783.543730777,0.0,0,0.0,7133.0,317.0,105.0,3338.0,18.0,3425.0,3708.0,0.0,0.26087431915726533
8369,0,2128531.981574554,0.0,0,0.0,4052.0,0.0,17.0,2852.0,284.0,2141.0,1911.0,0.0,0.2495304303432822
8370,0,1435757.7769774764,0.0,0,0.0,3897.0,78.0,92.0,2639.0,47.0,1791.0,2106.0,30.0,0.24447698556289452
8371,0,2981098.9961535037,0.0,0,0.0,3540.0,0.0,0.0,1883.0,300.0,1535.0,2005.0,35.0,0.2173994278929439
8372,0,10348025.064874774,0.0,0,0.0,3951.0,66.0,0.0,1810.0,82.0,1915.0,2036.0,0.0,0.22035928104029306
8373,0,4441971.744373804,0.0,0,0.0,3606.0,219.0,0.0,2101.0,31.0,1626.0,1980.0,30.0,0.2280234273995125
8374,0,4506604.024994653,0.0,0,0.0,4217.0,0.0,14.0,2159.0,0.0,2232.0,1985.0,0.0,0.22390142218880305
8375,3,1469698.6654395314,25757.815936905718,8,0.017525916395387437,3893.0,346.0,418.0,2517.0,427.0,1677.0,2216.0,136.0,0.1637587484094981
8376,19,1779668.5424083634,82375.72563842822,13,0.04628711677229066,6565.0,1166.0,245.0,3579.0,375.0,4115.0,2450.0,0.0,0.16646984917061708
8377,8,491470.9481672982,40598.15013849415,8,0.08260539161039976,1997.0,566.0,135.0,1136.0,299.0,901.0,1096.0,69.0,0.17127175242561216
8378,5,315529.12537346414,23914.945326895242,11,0.07579314682468448,781.0,204.0,85.0,500.0,86.0,445.0,336.0,148.0,0.17355616169100668
8379,8,359476.1273019922,44261.89037652532,13,0.12312887286487695,3889.0,1073.0,354.0,1537.0,580.0,2254.0,1635.0,192.0,0.16926961767323956
8380,0,3469242.212558976,8178.034883122435,2,0.002357297179631101,6932.0,373.0,185.0,3358.0,747.0,3390.0,3542.0,23.0,0.23156808209455296
8381,0,658464.9339388156,0.0,0,0.0,3259.0,65.0,83.0,2483.0,119.0,1897.0,1362.0,0.0,0.22347826338863372
8501,2,4316968.933814601,40992.37933863811,3,0.009495639178115658,5845.0,579.0,102.0,3217.0,159.0,2794.0,3051.0,37.0,0.13493610271685288
8502,21,4517627.275116795,46983.958482655704,3,0.010400140520986433,7310.0,445.0,301.0,3621.0,194.0,3417.0,3893.0,130.0,0.13374655410878827
8503,12,5223841.42847388,102411.32238349313,6,0.0196046001368407,8183.0,562.0,185.0,4456.0,139.0,4332.0,3851.0,207.0,0.11997193149717592
8504,21,4285011.181063271,85971.00989775723,4,0.02006319383195276,5975.0,246.0,39.0,2882.0,76.0,3168.0,2807.0,41.0,0.11957512966946472
8505,10,4194710.577914842,42099.74439024324,3,0.010036388353441703,5600.0,227.0,72.0,2933.0,175.0,2965.0,2635.0,72.0,0.13101686074841762
8506,15,1832032.3015573255,32899.14929417434,2,0.017957734296610548,4391.0,187.0,234.0,2293.0,148.0,2397.0,1994.0,18.0,0.12443930890948748
8507,7,3177049.8949262407,29811.4944227889,4,0.00938338880682924,7614.0,240.0,530.0,4210.0,390.0,3789.0,3825.0,0.0,0.11727031020705764
8509,10,2772519.6064283308,34861.38655599173,2,0.012573900821174551,6945.0,207.0,280.0,3766.0,288.0,3520.0,3425.0,0.0,0.10654015149414345
8510,12,2881050.420708721,28461.93528085464,2,0.009879013250262095,6176.0,604.0,398.0,2843.0,292.0,3416.0,2760.0,65.0,0.10013000719342452
8511,95,21603938.441558465,416912.29246874666,12,0.019297976320222815,5074.0,298.0,287.0,3512.0,334.0,2798.0,2276.0,0.0,0.11992479778622835
8512,2,2953928.513653467,17661.384655111644,2,0.00597894789040367,4178.0,148.0,120.0,2099.0,26.0,1994.0,2184.0,23.0,0.10464277418130048
8513,4,2123454.0889309817,17550.51603116956,1,0.008265079109859673,2861.0,62.0,21.0,1618.0,23.0,1371.0,1490.0,0.0,0.09690135731163213
8600,6,3789762.956278609,40598.19972234782,3,0.010712596062264953,7481.0,522.0,795.0,3845.0,359.0,3371.0,4110.0,287.0,0.08273674344444162
8701,16,2388459.092098078,90998.76381395057,8,0.038099360426564866,3153.0,258.0,176.0,1279.0,391.0,1559.0,1594.0,7.0,0.0887067823861071
8702,23,3824788.2041202225,269279.8238686351,8,0.07040385231751017,5438.0,202.0,516.0,2651.0,274.0,2788.0,2650.0,152.0,0.08528160489600105
8800,15,2072756.913895559,117261.48286039167,9,0.05657271341095629,7051.0,636.0,484.0,3764.0,407.0,3541.0,3510.0,175.0,0.07548615569905089
8901,14,1842640.6607544895,80703.9386992225,6,0.04379797994155702,5189.0,536.0,356.0,3119.0,355.0,2476.0,2713.0,92.0,0.06465741267053908
8902,40,4360964.7619917635,320943.8166002283,17,0.07359468239629735,2895.0,70.0,84.0,1784.0,151.0,1640.0,1255.0,58.0,0.057535795408345525
9000,6,1747479.9246509399,25496.01094041689,2,0.014590159566788576,4727.0,260.0,154.0,2602.0,137.0,2351.0,2376.0,190.0,0.07127325835781533
9101,19,3945959.8824366764,124089.67658831821,7,0.031447272725867496,5530.0,109.0,189.0,3163.0,129.0,2862.0,2668.0,0.0,0.09875368619249553
9102,13,1391922.919401937,31060.62742580775,3,0.022314904793114168,4193.0,268.0,462.0,2768.0,499.0,2146.0,2047.0,29.0,0.09874853933126652
9103,9,2564475.4318969506,45003.240968433376,4,0.017548712071358913,4167.0,147.0,46.0,2274.0,118.0,2119.0,2048.0,137.0,0.0858614817311605
9104,5,2427058.6122363894,23374.221038931602,4,0.009630678435653293,2853.0,9.0,37.0,1552.0,14.0,1406.0,1447.0,7.0,0.07923159387929976
9107,8,1144148.3435471621,37217.04371435368,3,0.0325281629119621,5138.0,1054.0,282.0,2727.0,721.0,2433.0,2705.0,18.0,0.06434086847606273
9108,19,2201935.316013464,106544.78358159374,6,0.04838688167029802,1940.0,35.0,119.0,1020.0,78.0,1057.0,883.0,13.0,0.07541122195307315
9109,3,1210322.7222146443,22107.77617105153,1,0.018266017620985252,3733.0,17.0,0.0,786.0,5.0,1062.0,2671.0,0.0,0.06937723882269024
9201,11,2418223.9313929277,50879.841655419725,7,0.021040169603363527,5881.0,523.0,362.0,2271.0,874.0,3111.0,2770.0,0.0,0.09545332231208503
9203,0,2166404.1953696236,19503.085237253028,1,0.009002514525654103,3435.0,297.0,91.0,1999.0,471.0,1783.0,1652.0,53.0,0.07414384440849238
9204,10,2916332.086014751,28031.40574111508,1,0.009611870292666422,4013.0,169.0,19.0,2428.0,44.0,1983.0,2030.0,0.0,0.08628647298186197
9301,14,2242085.9279145515,31967.995994760015,2,0.014258149340643091,5607.0,875.0,80.0,3028.0,282.0,3045.0,2562.0,37.0,0.09920774945271947
9305,0,2228879.5755189825,261.7922950453931,1,0.00011745466104171921,4840.0,107.0,126.0,2324.0,117.0,2543.0,2297.0,80.0,0.08863594607345808
9306,8,4039430.0765580125,86618.4651270228,4,0.02144323914150537,5666.0,154.0,169.0,3155.0,122.0,3011.0,2655.0,98.0,0.10117201369413444
9307,40,6563606.615335761,162687.18039961712,14,0.024786247856399737,3868.0,60.0,180.0,2696.0,342.0,2102.0,1766.0,35.0,0.07226232689354284
9308,9,1317679.1661690082,66163.48684109442,8,0.05021213702077168,4031.0,126.0,27.0,2369.0,492.0,2193.0,1838.0,123.0,0.06707836311410975
9400,10,88735646.69974487,301406.6217066062,10,0.0033966802848293524,5066.0,77.0,16.0,340.0,284.0,3752.0,1314.0,97.0,0.18216501225770834
9502,7,4793372.540170467,22027.883820254236,3,0.004595487547786314,4134.0,137.0,56.0,2137.0,89.0,2121.0,2013.0,54.0,0.13595443589784584
9504,1,84025108.61036347,7366.768659171634,2,8.76734202550383e-05,6167.0,142.0,28.0,2724.0,177.0,3096.0,3071.0,0.0,0.23141592756801344
9505,3,24910322.083404485,6693.402622592346,2,0.00026869996301860584,6652.0,93.0,193.0,3501.0,87.0,3249.0,3403.0,56.0,0.14760659756706934
9506,10,2164127.0522803157,15128.639764112471,1,0.006990643062370852,4576.0,19.0,229.0,2354.0,45.0,2183.0,2393.0,18.0,0.13559276479991636
9507,0,5776954.065376886,0.0,0,0.0,3947.0,244.0,17.0,1915.0,139.0,1981.0,1966.0,2.0,0.13682834472569394
9509,4,7240023.845431142,21994.958058486223,5,0.0030379676266351343,4774.0,190.0,22.0,2817.0,384.0,2592.0,2182.0,0.0,0.1122879005671376
9510,9,2342618.743014905,38488.93193610088,3,0.01642987449445844,4916.0,348.0,265.0,572.0,707.0,2205.0,2711.0,0.0,0.12195839559853183
9511,2,2180444.4859040226,33999.628377609166,3,0.015592980512646603,4167.0,111.0,184.0,668.0,498.0,1986.0,2181.0,0.0,0.11145281721795558
9602,12,2743987.545373781,12540.88098761111,2,0.004570312649105998,4078.0,121.0,101.0,2128.0,107.0,1952.0,2126.0,0.0,0.11815889257992586
9603,15,2455465.4753403165,61207.41013726806,7,0.024927009054682387,5768.0,429.0,631.0,3305.0,448.0,2861.0,2907.0,79.0,0.09409333760483059
9604,30,2593681.476613572,50036.37403306761,5,0.01929164181655697,3426.0,150.0,138.0,1767.0,162.0,1842.0,1584.0,24.0,0.10751791604517338
9703,9,2349575.499657085,13256.457655751496,2,0.005642064984796719,3167.0,70.0,99.0,1462.0,56.0,1655.0,1512.0,28.0,0.12676649218593347
9704,3,4447832.586501608,23888.06818632573,1,0.0053707210695883275,6574.0,312.0,240.0,3205.0,166.0,2841.0,3733.0,0.0,0.14293683784571454
9705,3,3426069.5576639725,32211.561361708686,2,0.009401899412594466,3597.0,138.0,50.0,1884.0,61.0,1783.0,1814.0,50.0,0.11935450188194913
9706,12,9099312.569234516,77610.8716781565,2,0.008529311537287431,7101.0,210.0,77.0,3343.0,81.0,3771.0,3330.0,28.0,0.13874387933848029
9801,11,2968726.540165626,28736.487682345665,1,0.009679735500576773,5075.0,78.0,165.0,2689.0,122.0,2563.0,2512.0,40.0,0.15965639085759722
9802,13,2819491.8798708916,40044.73584451712,2,0.014202820064993705,6588.0,310.0,777.0,3292.0,311.0,3150.0,3438.0,0.0,0.17479007196428553
9804,1,2687626.551286057,21960.04860105089,2,0.008170796121411578,5627.0,102.0,70.0,2346.0,13.0,2561.0,3066.0,56.0,0.1802747695174827
9805,0,10613331.047246888,243.6906861405325,1,2.296081080065303e-05,4748.0,74.0,40.0,2343.0,74.0,1991.0,2757.0,10.0,0.16021740999938866
9901,19,10342926.957478348,25042.615472287198,1,0.0024212310089051134,969.0,0.0,0.0,49.0,0.0,908.0,61.0,28.0,0.08163963353630507
10001,14,2971506.2723228713,27234.435756149425,3,0.009165195446435943,4557.0,208.0,79.0,2073.0,158.0,2445.0,2112.0,65.0,0.1640497738722153
10003,7,1805538.9953592825,16491.855132534216,2,0.009134034310487166,5457.0,195.0,208.0,2545.0,44.0,2941.0,2516.0,176.0,0.1761757285970804
10004,6,1992728.1757001118,56329.52226489123,9,0.028267539422480836,5583.0,205.0,228.0,2078.0,108.0,2829.0,2754.0,7.0,0.17577873304658037
10005,7,2125304.7432830087,35027.50036036694,4,0.01648116604033882,7201.0,932.0,1137.0,2496.0,610.0,2888.0,4313.0,64.0,0.18355345306560325
10009,12,5701122.926522058,21063.375854182385,2,0.00369460124358904,6113.0,207.0,532.0,2941.0,397.0,3067.0,3046.0,226.0,0.19762044589579983
10010,10,1652208.665726867,34251.41163546388,6,0.020730681508921534,5107.0,283.0,468.0,1946.0,218.0,2616.0,2491.0,22.0,0.16571065052682912
10011,14,1249964.5861744198,17640.66560249974,3,0.014112932316338572,4547.0,90.0,197.0,1882.0,36.0,2518.0,2029.0,55.0,0.16791046277057523
10012,7,888827.5709801133,36858.13295906165,5,0.041468260169312765,5083.0,287.0,393.0,2187.0,273.0,2372.0,2711.0,144.0,0.18211809683261743
10013,24,1265538.1140486437,58925.741182332305,3,0.04656180681419395,5595.0,403.0,598.0,2453.0,279.0,3026.0,2569.0,197.0,0.19121034881492552
10015,59,57140615.26897419,248213.86279623723,7,0.004343913022774374,4369.0,99.0,184.0,1791.0,42.0,2442.0,1927.0,81.0,0.19777504476087257
10017,9,4077326.751386119,41578.01326012767,4,0.01019737092348385,5996.0,77.0,101.0,2690.0,140.0,2899.0,3097.0,0.0,0.1884537627570434
10018,1,4828061.051094482,7973.266511283095,3,0.0016514427690336726,6040.0,102.0,39.0,2767.0,407.0,2726.0,3314.0,0.0,0.19502762180761726
10019,1,4295914.960305687,3180.2022596726974,2,0.0007402851986265579,3400.0,0.0,0.0,1475.0,0.0,1658.0,1742.0,0.0,0.19601181865712827
10103,17,9589996.026980912,31417.437063310917,4,0.003276063616180834,7045.0,311.0,1354.0,3207.0,456.0,3639.0,3406.0,132.0,0.1422124633547355
10104,11,2278270.9784441334,23344.16371593879,4,0.01024643860928294,3404.0,210.0,95.0,1559.0,77.0,1889.0,1515.0,113.0,0.15343462821188908
10106,26,1888850.152346589,117742.98633322594,10,0.06233580053290593,4879.0,252.0,562.0,2103.0,168.0,2282.0,2597.0,221.0,0.16343744735594018
10107,24,3285942.8731971905,90504.66128322255,6,0.027542980744264246,6462.0,173.0,224.0,3060.0,163.0,3394.0,3068.0,76.0,0.15329920738883937
10109,1,18253799.66089067,3555.366512890087,2,0.00019477405137230524,5167.0,89.0,280.0,2100.0,114.0,2626.0,2541.0,163.0,0.17426581321084358
10110,10,3086660.999088972,40358.727725989156,4,0.013075205776695607,6917.0,592.0,1115.0,2834.0,400.0,3332.0,3585.0,179.0,0.1553512811461848
10111,9,854959.9509208074,18783.121786848616,5,0.021969592571697484,3693.0,248.0,376.0,1601.0,186.0,1460.0,2233.0,159.0,0.17466090382907407
10112,11,1132491.2506133998,19920.775783868987,4,0.017590224889666165,5429.0,550.0,829.0,2212.0,543.0,2464.0,2965.0,215.0,0.16298917492846868
10201,12,11191629.817637648,23090.33396926597,3,0.00206317885290276,3325.0,926.0,77.0,1113.0,168.0,1822.0,1503.0,57.0,0.1384085079443572
10202,13,1256391.912458437,22089.93752585175,3,0.017582043713276856,3954.0,104.0,105.0,2229.0,202.0,1664.0,2290.0,85.0,0.13354091921659975
10300,10,1581717.872889229,19906.717734795064,4,0.012585504707253928,4423.0,385.0,234.0,2191.0,263.0,2359.0,2064.0,128.0,0.14183425034607308
10401,4,573509.8747081297,12744.530924706716,4,0.022221990390649603,2339.0,111.0,148.0,1277.0,221.0,1213.0,1126.0,50.0,0.14086000323351763
10402,11,969707.3019036785,23902.100870698203,4,0.024648778887995226,5740.0,372.0,350.0,2676.0,306.0,2818.0,2922.0,206.0,0.1482225544816626
10501,11,672720.6690784001,18087.02380199361,4,0.026886380385446006,1290.0,24.0,31.0,598.0,46.0,753.0,537.0,30.0,0.12880093594520092
10502,10,1496051.690927988,21424.063412789677,3,0.014320403193756303,5304.0,321.0,336.0,2702.0,464.0,2711.0,2593.0,106.0,0.13285120635868652
10601,3,16477366.499626376,58491.950386456236,1,0.0035498360971568206,2021.0,10.0,55.0,857.0,21.0,1066.0,955.0,0.0,0.09212472657284991
10800,4,936170.7461259394,10427.193184890342,2,0.011138131829092224,2343.0,171.0,67.0,1029.0,107.0,1016.0,1327.0,24.0,0.026337961999222784
10900,4,1924416.7410179244,16694.497088757882,2,0.008675094501582485,1874.0,15.0,16.0,728.0,53.0,982.0,892.0,0.0,0.02385874721327145
11000,17,1417971.9203357247,23120.081394370576,2,0.01630503472092492,3052.0,126.0,0.0,1393.0,226.0,1567.0,1485.0,32.0,0.015691955693129516
11100,9,1411413.6159398071,26699.434835634012,2,0.018916804070829275,3970.0,89.0,101.0,1392.0,210.0,2024.0,1946.0,22.0,0.018669494401144383
11300,1,16399593.026864534,2984.7835554738904,1,0.0001820035137813756,2497.0,0.0,22.0,143.0,5.0,2266.0,231.0,39.0,0.04263794080174219
11601,16,1038250.9609898155,27976.22027213167,5,0.026945527934268,5731.0,759.0,568.0,2783.0,486.0,2779.0,2952.0,136.0,0.07962951921186365
11602,17,1442665.3364957648,26629.52460234466,3,0.018458559950589648,4062.0,352.0,129.0,2014.0,192.0,2044.0,2018.0,134.0,0.08285434275891118
11700,41,2307991.5170390005,76388.40768501871,8,0.033097352014109634,6542.0,250.0,726.0,2536.0,524.0,2844.0,3698.0,58.0,0.07599333223115741
11801,17,922714.0067090554,41629.924837351384,7,0.04511682334359305,3377.0,305.0,830.0,1612.0,382.0,1466.0,1911.0,78.0,0.0656832728305814
11802,17,1348602.6288999896,34401.48287654612,5,0.02550898399523829,7409.0,477.0,604.0,3346.0,584.0,3784.0,3625.0,53.0,0.07092703407768602
11902,22,2412832.8857965297,49681.44893748837,5,0.020590505554671856,6050.0,86.0,209.0,2582.0,479.0,2829.0,3221.0,97.0,0.08539173522878922
12002,9,804164.8877809023,22843.652435688622,5,0.028406677265810268,3380.0,445.0,340.0,1242.0,305.0,1469.0,1911.0,85.0,0.08845191067873442
12003,16,1551785.790105623,38529.86877084129,5,0.024829373368742306,2973.0,52.0,258.0,1269.0,97.0,1331.0,1642.0,41.0,0.0935705870246553
12101,10,980124.5013457885,14742.04319356356,3,0.01504099037757098,2228.0,52.0,190.0,1210.0,63.0,982.0,1246.0,60.0,0.08608517371575211
12102,7,1594626.910949061,16057.739002567623,4,0.010069903431524727,3173.0,171.0,385.0,1361.0,126.0,1411.0,1762.0,77.0,0.09408623259185711
12200,12,2507379.4404143156,30417.945954979907,3,0.012131369295248625,3655.0,233.0,368.0,1594.0,138.0,1790.0,1865.0,51.0,0.10092885474601415
12302,13,576335.9878210822,19663.637063669306,4,0.034118357137492665,1550.0,147.0,150.0,621.0,263.0,645.0,905.0,0.0,0.1077109141316328
12303,7,2214993.653624159,26973.26510842125,3,0.012177581215317597,3559.0,274.0,352.0,1454.0,237.0,1794.0,1765.0,39.0,0.10567099714707788
12304,10,1742976.9409571893,22265.992281700605,3,0.012774691252927768,4127.0,114.0,279.0,2274.0,182.0,2141.0,1986.0,24.0,0.11246711915413221
12401,12,2135965.27103136,13812.302074530955,3,0.00646653869417157,2907.0,304.0,217.0,1483.0,171.0,1580.0,1327.0,160.0,0.09587464371901376
12402,15,1268482.7253114283,26210.26492042907,5,0.020662689682269125,5602.0,187.0,573.0,2618.0,452.0,2832.0,2770.0,248.0,0.09951374293010147
12501,10,651996.064889869,38983.94469427765,5,0.0597916870876553,3754.0,555.0,458.0,1571.0,416.0,1875.0,1879.0,259.0,0.103014762734192
12502,17,6143433.8397667445,53844.07942696242,4,0.008764492437181807,4535.0,340.0,411.0,2105.0,467.0,2325.0,2210.0,251.0,0.09422967078146037
12600,7,10116677.969227655,68789.71235397168,4,0.006799634481122399,4994.0,383.0,583.0,2150.0,304.0,2357.0,2637.0,119.0,0.11314291071202492
12700,20,1610529.6470009298,42146.44888868188,5,0.026169309560470047,4971.0,335.0,341.0,2371.0,497.0,2168.0,2803.0,64.0,0.10699661670718605
12800,13,1463499.3057151793,27364.254848204513,4,0.018697825643881817,3884.0,89.0,240.0,1726.0,166.0,2059.0,1825.0,58.0,0.11691969337318944
12900,10,1940383.3372074978,20626.374655432555,3,0.01063005142330123,3348.0,72.0,29.0,1675.0,67.0,1615.0,1733.0,34.0,0.12567405880528718
13000,12,2300660.1294817794,35286.77274492492,5,0.015337672997737924,5981.0,324.0,284.0,2856.0,204.0,3093.0,2888.0,60.0,0.11862399618744482
13102,16,2808601.395545046,26240.436857175486,3,0.009342883934615145,6791.0,114.0,719.0,3210.0,298.0,3222.0,3569.0,169.0,0.13448410729544719
13103,6,3519023.243902299,55333.57846748427,5,0.015724129860001726,2296.0,109.0,355.0,1015.0,134.0,1184.0,1112.0,65.0,0.12482784384122221
13104,5,1382144.8451588785,11724.725795840519,1,0.008482993542180272,6023.0,80.0,483.0,2858.0,601.0,3056.0,2967.0,196.0,0.127871237235051
13203,16,1577035.9817764533,26078.433870043424,3,0.016536359456216943,5582.0,120.0,561.0,2444.0,507.0,2865.0,2717.0,143.0,0.14296841178342215
13204,11,1133579.9376601137,25977.85241684469,3,0.02291664800496297,4729.0,86.0,206.0,1989.0,139.0,2335.0,2394.0,49.0,0.14888742614738887
13205,14,2517500.0426565763,76165.4884541436,5,0.030254413967663908,2298.0,67.0,435.0,898.0,136.0,1172.0,1126.0,168.0,0.13516972759677273
13206,22,2245257.5891917525,45550.741405004585,5,0.02028753476851711,6807.0,394.0,867.0,3160.0,411.0,3057.0,3750.0,202.0,0.13893206815363388
13301,12,2369009.226780615,19734.481258820873,3,0.008330267791163994,4956.0,56.0,385.0,2368.0,115.0,2585.0,2371.0,58.0,0.14112021067753977
13302,24,1978464.9554552296,31735.197183238663,4,0.01604031301931079,6804.0,142.0,262.0,2579.0,76.0,3015.0,3789.0,41.0,0.14815559722631383
13303,13,1953560.1461539678,21697.840260077213,4,0.011106819671149824,4837.0,107.0,424.0,2167.0,187.0,2183.0,2654.0,47.0,0.15138961101791898
13306,9,1830121.9512146467,30642.32707331212,1,0.01674332524833927,4387.0,185.0,253.0,2074.0,88.0,2049.0,2338.0,28.0,0.16184210529339843
13307,13,1848434.2506767956,27262.598001836228,2,0.014749022310019497,5332.0,156.0,927.0,2137.0,143.0,2472.0,2860.0,95.0,0.15825344915586495
13308,4,2273122.0972577375,12953.107914385406,3,0.005698377544264715,3793.0,214.0,208.0,1895.0,123.0,1767.0,2026.0,63.0,0.16638438732696467
13309,16,3572204.8282230357,50829.19386108595,3,0.014229081563156198,7044.0,222.0,81.0,3271.0,137.0,3326.0,3718.0,35.0,0.15813474951838488
13312,4,1250072.3048073777,26384.760030857404,1,0.021106587138511962,2868.0,67.0,142.0,1327.0,33.0,1360.0,1508.0,23.0,0.1696554672090474
13315,3,1789425.7342254675,4353.917626525052,1,0.002433136812134646,3862.0,118.0,0.0,1833.0,129.0,1882.0,1980.0,0.0,0.21362269037211257
13316,10,3780593.6457519853,17253.506484666927,2,0.004563702979306862,8008.0,345.0,154.0,3803.0,121.0,4146.0,3862.0,62.0,0.21632790534578644
13317,8,24392670.021113712,41113.045638427306,2,0.0016854672162924696,14978.0,200.0,1009.0,7092.0,235.0,7636.0,7342.0,12.0,0.19320308863169247
13318,2,2303895.293658382,9913.676621155337,2,0.0043030065856045465,7484.0,228.0,27.0,4029.0,0.0,3945.0,3539.0,50.0,0.20412839296470178
13319,5,10831747.417160869,25921.027417763453,3,0.002393060548725172,7397.0,102.0,221.0,3790.0,267.0,4215.0,3182.0,0.0,0.22482902094022603
13320,0,11301058.354346592,0.0,0,0.0,7047.0,41.0,0.0,2661.0,103.0,3124.0,3923.0,0.0,0.23563659173448384
13321,0,2744514.563468086,3218.7974007142975,2,0.001172811193483662,8302.0,347.0,816.0,2964.0,216.0,4228.0,4074.0,0.0,0.2245561811009196
13322,5,2134206.505208306,31184.6051133486,3,0.0146118030458842,5154.0,0.0,0.0,2202.0,73.0,2409.0,2745.0,0.0,0.1847453513794824
13323,6,2797550.2357430034,20373.27317733026,3,0.007282540601784513,6351.0,349.0,83.0,2974.0,0.0,3579.0,2772.0,47.0,0.19705844048821655
13324,5,572316.8570452542,9028.665449015387,3,0.01577564130406432,2272.0,0.0,0.0,910.0,45.0,1467.0,805.0,0.0,0.19554466183764316
13325,5,1440445.388970476,23760.971112911535,3,0.016495572338146136,5773.0,716.0,51.0,2688.0,523.0,2137.0,3636.0,85.0,0.18885772833173406
13326,7,2187285.5497872056,42561.59370759216,3,0.019458636167432666,3989.0,0.0,0.0,2080.0,0.0,1970.0,2019.0,94.0,0.17561438735896032
13327,14,2256314.44881416,47670.697386559215,3,0.021127683427109755,6641.0,498.0,576.0,3168.0,205.0,3692.0,2949.0,10.0,0.1700279249292065
13401,5,3181700.2674239,18937.824226312878,3,0.005952108192028442,4418.0,127.0,143.0,1911.0,77.0,2045.0,2373.0,18.0,0.1316441520604654
13409,4,3856299.804589442,47799.362983140236,3,0.012395136634930063,5938.0,241.0,33.0,2468.0,292.0,3129.0,2809.0,50.0,0.14862733578528167
13411,5,6752597.132021309,14303.296882725337,1,0.0021181919494201807,4848.0,127.0,144.0,2347.0,44.0,2342.0,2506.0,37.0,0.15787564900620082
13412,9,6642389.3755725855,44398.019385876134,3,0.006684043478262511,4743.0,262.0,15.0,2130.0,144.0,2487.0,2256.0,3.0,0.13683600578621044
13414,3,4056575.7702289885,16243.586221372534,2,0.0040042605245003485,7898.0,296.0,255.0,4491.0,27.0,3964.0,3934.0,15.0,0.1701342676089946
13415,8,1641314.9235439147,27754.07037512645,4,0.016909655774773602,1249.0,5.0,19.0,726.0,17.0,614.0,635.0,0.0,0.18025914930935974
13416,10,3119849.099087023,22200.271662719657,4,0.007115815848021698,4310.0,204.0,25.0,1582.0,97.0,2057.0,2253.0,25.0,0.18300733084200632
13417,1,2849198.2211373923,10616.802165089795,1,0.003726242030591889,2070.0,5.0,81.0,915.0,11.0,1017.0,1053.0,0.0,0.18806521693424333
13418,2,2563484.6323747323,7835.230207506672,1,0.003056476371480471,6374.0,58.0,52.0,2819.0,262.0,3461.0,2913.0,0.0,0.1944422088173642
13420,6,2734157.4253014075,30203.89706618313,1,0.011046875643180465,3224.0,271.0,50.0,1542.0,157.0,1512.0,1712.0,0.0,0.16091650081036182
13421,6,3502632.227025532,20557.593306937088,3,0.005869184080566399,4092.0,329.0,188.0,1838.0,99.0,1947.0,2145.0,12.0,0.16103136859404374
13422,0,8024368.75438689,0.0,0,0.0,3941.0,117.0,101.0,1874.0,0.0,1955.0,1986.0,1.0,0.16466236247520294
13423,1,22000470.934433196,2101.160004601199,1,9.550522854093313e-05,3157.0,69.0,0.0,1791.0,107.0,1573.0,1584.0,59.0,0.1852362192565515
13424,14,4090036.568668645,18301.0751961352,1,0.0044745505055697864,6769.0,98.0,139.0,2995.0,244.0,3792.0,2977.0,56.0,0.20717407214774144
13425,0,4192650.675175538,0.0,0,0.0,1895.0,69.0,0.0,958.0,0.0,887.0,1008.0,46.0,0.22447520798794585
13503,10,3913545.123750039,14573.121183166972,1,0.0037237646998695417,6179.0,628.0,237.0,2973.0,267.0,3111.0,3068.0,88.0,0.18516419288544658
13504,6,3115797.3393544,31682.966082514697,2,0.010168493849821271,3965.0,188.0,33.0,2218.0,63.0,1929.0,2036.0,82.0,0.1861686952628413
13505,19,3862084.156590222,56511.720024642396,3,0.014632441379665784,6484.0,60.0,1160.0,3330.0,266.0,3159.0,3325.0,16.0,0.20069715858028353
13506,10,9653634.977647329,86465.03980051412,3,0.008956733914294569,4158.0,577.0,127.0,2067.0,47.0,2145.0,2013.0,2.0,0.20210671591597942
13601,10,4595591.768872544,6431.45018143013,1,0.0013994824834077865,6006.0,146.0,521.0,2855.0,146.0,2910.0,3096.0,26.0,0.1916645207381508
13604,5,5100376.241219526,9667.59101107349,1,0.0018954662467727907,6136.0,96.0,271.0,3250.0,241.0,3056.0,3080.0,0.0,0.24821040506469016
13605,2,8233929.072806364,35303.084640384775,2,0.004287513813663742,6330.0,118.0,35.0,3013.0,93.0,2859.0,3471.0,2.0,0.2206439771054163
13607,8,3595111.27748171,53150.404080659944,3,0.014784077592694305,2726.0,16.0,676.0,1093.0,199.0,1212.0,1514.0,0.0,0.21524435889243632
13608,4,1748204.5041507785,7138.362594413505,1,0.004083253748325681,3922.0,103.0,223.0,1675.0,168.0,1674.0,2248.0,0.0,0.23406705201454228
13701,8,3234173.793792869,6969.8383137660585,2,0.002155059918901946,2466.0,68.0,184.0,1161.0,32.0,1226.0,1240.0,0.0,0.17742356139784202
13702,6,3482273.019483158,8048.414457171104,1,0.0023112531418819243,5652.0,301.0,200.0,2536.0,125.0,2897.0,2755.0,5.0,0.16829570920818773
13801,9,3246226.673543558,33081.60564873482,3,0.010190787328052842,5378.0,315.0,591.0,2398.0,238.0,2168.0,3210.0,95.0,0.15899173759424248
13802,8,1003176.1156453467,23607.032371957714,2,0.023532291094043072,3428.0,227.0,336.0,1394.0,146.0,1640.0,1788.0,23.0,0.15560889424231164
13903,10,5334565.705192732,61392.67967931536,4,0.011508468181309487,3794.0,118.0,30.0,1539.0,121.0,1772.0,2022.0,46.0,0.16439329944727785
13905,0,3123734.6221408783,49.340074559077024,1,1.5795219673706272e-05,4696.0,107.0,45.0,1977.0,19.0,2500.0,2196.0,55.0,0.17408814079640034
13906,11,2527762.7956018914,45421.10997978939,3,0.017968897263152442,5060.0,330.0,516.0,2393.0,135.0,2570.0,2490.0,0.0,0.15588362157053381
13907,1,1898430.8199904573,2774.77219804158,1,0.0014616135435767566,4231.0,201.0,561.0,1727.0,310.0,2038.0,2193.0,41.0,0.16047839486351506
13908,14,1599093.2281401188,55355.30704673446,4,0.034616685301780296,4324.0,234.0,399.0,2029.0,125.0,2097.0,2227.0,11.0,0.1595852453283718
13909,8,1529866.1193412896,33059.293650677726,2,0.021609272362284864,5856.0,163.0,482.0,2790.0,81.0,3039.0,2817.0,39.0,0.17395500487422122
14001,9,2637933.944151954,42706.17754349205,3,0.016189252061511072,4985.0,213.0,240.0,2214.0,235.0,2391.0,2594.0,24.0,0.1419299390725356
14002,18,2999909.1082673864,57824.37001915396,3,0.019275373997097778,4572.0,107.0,393.0,1971.0,92.0,2295.0,2277.0,111.0,0.14420594363569367
14101,7,1903288.6343476584,16242.404047209351,2,0.008533862785754692,3818.0,35.0,55.0,1822.0,35.0,2060.0,1758.0,42.0,0.13277430116701186
14102,16,1696751.3218742353,26057.776903002836,3,0.015357451953665996,4042.0,67.0,357.0,1824.0,74.0,2125.0,1917.0,156.0,0.12749997690726764
14200,15,3221012.2632481265,34352.902271705316,3,0.01066525038220849,6677.0,124.0,262.0,3153.0,87.0,3598.0,3079.0,48.0,0.12219658915156191
14300,3,1636541.8282062607,7096.356743262876,3,0.004336190264712556,4281.0,241.0,197.0,2126.0,141.0,2013.0,2268.0,97.0,0.12702078301416356
14400,23,2409360.5048221177,82950.52270997589,7,0.034428439639463626,4439.0,204.0,630.0,1911.0,750.0,2072.0,2367.0,116.0,0.13306247766484663
14500,3,1662680.9020004563,6465.572264268674,5,0.003888642887814261,3968.0,373.0,175.0,1844.0,256.0,1840.0,2128.0,36.0,0.12596863143822806
14601,17,2062522.1803669415,25361.952884310238,3,0.0122965721899767,4684.0,73.0,525.0,2455.0,407.0,2205.0,2479.0,64.0,0.14379620424393152
14602,7,3871581.3449979066,25394.967534713407,3,0.006559326867178904,5468.0,30.0,175.0,2460.0,175.0,2608.0,2860.0,66.0,0.14667787805489205
14701,3,1579631.3004337333,7997.678490972284,2,0.005063003302591112,3776.0,186.0,127.0,2196.0,241.0,1814.0,1962.0,34.0,0.13845586212571107
14702,9,2006166.1319514555,11032.410053549751,1,0.005499250474744187,4340.0,68.0,492.0,2182.0,172.0,1907.0,2433.0,98.0,0.12836610894694694
14803,9,2644567.503547809,31254.09857482346,4,0.011818226811338583,4483.0,442.0,164.0,2679.0,425.0,1976.0,2507.0,29.0,0.1561788973253726
14804,7,1807159.1014061624,12383.909774380296,2,0.006852694798562171,4585.0,188.0,246.0,1949.0,53.0,1963.0,2622.0,38.0,0.15323590724671127
14805,7,1840654.8829040548,12517.763204045134,3,0.006800711703377819,4585.0,267.0,177.0,2624.0,339.0,1870.0,2715.0,0.0,0.14378316892794787
14806,7,1287275.764362196,26898.2717830455,4,0.020895500814755674,3128.0,417.0,321.0,1731.0,377.0,1392.0,1736.0,61.0,0.14279509298244228
14901,2,2433957.722182356,6964.617704342414,2,0.0028614374197501423,4649.0,235.0,248.0,2344.0,415.0,2342.0,2307.0,24.0,0.16072478976047494
14902,14,2199967.0841215146,11406.064141472405,2,0.005184652181297088,3007.0,178.0,136.0,1608.0,212.0,1429.0,1578.0,7.0,0.16440440412695118
15001,1,2436274.874782081,15884.546387924493,2,0.006520014039608452,4655.0,437.0,939.0,1929.0,164.0,1892.0,2763.0,100.0,0.16921605069145326
15002,12,1962619.6877305917,48878.09691524997,4,0.024904517783457317,2668.0,75.0,83.0,1066.0,327.0,1594.0,1074.0,164.0,0.17581948166135025
15100,0,3022596.9732753914,17790.964548567208,3,0.005885986357383366,5140.0,133.0,108.0,2591.0,309.0,2721.0,2419.0,96.0,0.186902138007563
15200,0,6087464.634786623,0.0,0,0.0,3940.0,78.0,41.0,1932.0,32.0,1962.0,1978.0,19.0,0.18296905615098205
15301,4,927153.6946730193,39821.08342928052,5,0.042949819062441726,3727.0,415.0,368.0,1801.0,362.0,1801.0,1926.0,168.0,0.21845752992711479
15302,3,4814743.626276414,28786.59628362912,2,0.005978843011812003,4607.0,75.0,100.0,2018.0,105.0,2182.0,2425.0,19.0,0.20492152869184357
15403,0,4355400.944395585,26835.008263626096,1,0.006161317547160997,2553.0,19.0,49.0,1283.0,18.0,1390.0,1163.0,4.0,0.22238533411851474
15405,6,6666299.839834816,12473.720190548695,1,0.0018711609873908372,5539.0,104.0,191.0,2683.0,66.0,2730.0,2809.0,0.0,0.2529845468642212
15406,0,8617024.534006238,0.0,0,0.0,2601.0,32.0,3.0,1295.0,5.0,1334.0,1267.0,6.0,0.2707052219417769
15407,5,1172904.0796436002,25559.792838234385,3,0.021791886721036054,3899.0,412.0,688.0,1468.0,502.0,1995.0,1904.0,24.0,0.22693918590395512
15408,7,3937428.018078292,42268.67286066925,3,0.010735097293613249,3897.0,130.0,125.0,2032.0,34.0,1722.0,2175.0,0.0,0.24095057304623294
15501,16,46759295.1390338,52606.2811582081,2,0.0011250443575291052,5504.0,142.0,223.0,2436.0,62.0,2792.0,2712.0,0.0,0.3177173901771489
15502,2,36724323.28989286,20761.120730206152,2,0.0005653234388098298,3048.0,161.0,69.0,1402.0,15.0,1440.0,1608.0,0.0,0.35039079522619343
15601,7,2303156.1884550597,38251.14491834869,6,0.016608141953241687,6071.0,529.0,475.0,2896.0,206.0,3182.0,2889.0,77.0,0.2505172832491007
15602,0,6084494.104456046,53.09095654135463,1,8.725615577879003e-06,2804.0,176.0,178.0,1268.0,24.0,1394.0,1410.0,0.0,0.2706786471371238
15701,21,1364331.3317052613,46567.28763002203,5,0.0341319491445074,6618.0,853.0,1764.0,3115.0,880.0,2974.0,3644.0,47.0,0.23888642072610575
15704,17,1337630.1503213597,63545.837072177506,5,0.047506283449809276,4441.0,199.0,279.0,2149.0,310.0,2312.0,2129.0,39.0,0.24097632789192128
15705,4,586210.0158053224,17646.773961536303,5,0.03010316010601346,3887.0,138.0,760.0,1265.0,476.0,2049.0,1838.0,14.0,0.2282089989602178
15706,4,385589.5176695535,11846.550893786314,5,0.03072321821761424,2668.0,487.0,390.0,839.0,239.0,1227.0,1441.0,38.0,0.23270228261983364
15801,5,890332.0593120315,7182.497241250627,2,0.008067211739854245,4054.0,335.0,499.0,1854.0,403.0,2071.0,1983.0,34.0,0.22292121656739167
15802,18,1337680.2715067356,54940.722337431755,7,0.041071639843763004,4841.0,685.0,207.0,1865.0,200.0,2146.0,2695.0,187.0,0.22089958469103238
15901,8,551227.9433824511,35409.11090351078,7,0.06423678503348905,4201.0,656.0,578.0,1813.0,336.0,2081.0,2120.0,110.0,0.21136651222721123
15902,9,1570499.0361728733,51952.13908539893,5,0.033080019719082636,5600.0,171.0,804.0,2265.0,608.0,2556.0,3044.0,62.0,0.21033081923627858
16000,16,2646164.619982091,118323.55972197143,15,0.04471511667432551,2348.0,188.0,120.0,1057.0,128.0,1210.0,1138.0,45.0,0.20153682388481298
16100,5,4020548.627758787,35891.04644428136,2,0.008926902710859252,6500.0,356.0,64.0,3193.0,327.0,3295.0,3205.0,96.0,0.1977273927504002
16201,5,6749277.022322964,56075.734298544,2,0.008308406087507707,5205.0,87.0,80.0,2426.0,56.0,2558.0,2647.0,27.0,0.20172838750154115
16202,27,9496163.742698614,271292.02252030204,14,0.028568591472413515,4342.0,262.0,566.0,2162.0,306.0,2388.0,1954.0,266.0,0.21479415166450105
16301,7,1514427.1942746206,33977.28761428031,7,0.022435735268577717,5540.0,386.0,1230.0,2599.0,590.0,2798.0,2742.0,136.0,0.22800567316985798
16302,8,1690320.1425709296,44834.79728709572,5,0.026524441233305808,5981.0,1201.0,559.0,2653.0,485.0,2922.0,3059.0,57.0,0.23891602838941928
16401,14,3331322.807792968,42530.9278152485,5,0.012766978845687317,5500.0,194.0,219.0,2632.0,87.0,2796.0,2704.0,10.0,0.25833431702586673
16403,7,7625667.124080069,26505.113826894238,5,0.0034757764003620485,5508.0,519.0,281.0,2245.0,89.0,2733.0,2775.0,161.0,0.26329115486567295
16404,6,904166.3679107692,37531.19176152259,5,0.04150916589415377,3512.0,366.0,461.0,1088.0,418.0,1614.0,1898.0,32.0,0.25503396459604716
16502,9,2985648.1536317086,53643.71661574547,4,0.017967193003131952,8610.0,1031.0,1066.0,3590.0,621.0,4124.0,4486.0,0.0,0.24327600966632854
16503,10,959971.6843114881,28371.73715590472,3,0.029554764603555498,3250.0,83.0,485.0,1488.0,172.0,1470.0,1780.0,32.0,0.23673912186095858
16504,15,1855958.9227841182,54825.29884751366,6,0.02954014669962113,6856.0,231.0,660.0,3447.0,653.0,2950.0,3906.0,277.0,0.23290487525992903
16606,9,3907149.4125311463,15103.166280431882,1,0.0038655205332031786,3709.0,49.0,10.0,1771.0,66.0,1940.0,1769.0,0.0,0.20004767058968567
16607,1,5827676.652049278,23294.680212974727,4,0.003997249951193371,6734.0,347.0,98.0,2716.0,115.0,3545.0,3189.0,0.0,0.2464700272977811
16608,0,3558299.015971315,992.5697675139613,1,0.000278945013631188,2881.0,111.0,107.0,1341.0,65.0,1533.0,1348.0,6.0,0.2540711018044687
16609,5,6781265.735348094,4471.321503144325,1,0.0006593638529510899,5897.0,392.0,89.0,3071.0,19.0,2854.0,3043.0,77.0,0.24697384756805593
16610,5,1911253.5408029708,3904.3750916801328,1,0.0020428347198979137,5055.0,539.0,3.0,2490.0,61.0,2612.0,2443.0,40.0,0.23922548654495354
16613,6,1186959.197280204,4546.742693625235,1,0.0038305804479578007,2004.0,16.0,5.0,964.0,29.0,990.0,1014.0,0.0,0.2124407430639903
16614,6,3092553.021042732,11906.418059022584,3,0.003850028755532229,3889.0,78.0,667.0,1708.0,67.0,1821.0,2068.0,25.0,0.22300497224716967
16615,17,3419757.971666658,36012.167790368374,4,0.010530618859210505,4409.0,64.0,178.0,1633.0,130.0,1802.0,2607.0,10.0,0.23497160263508235
16616,1,3474653.5877426513,10434.053875892716,2,0.0030029047824221577,4041.0,116.0,220.0,1633.0,118.0,1895.0,2146.0,41.0,0.2093541987538581
16617,6,2507473.017324963,42822.946146237504,5,0.017078128398734328,3828.0,240.0,167.0,1798.0,186.0,1784.0,2044.0,89.0,0.22799815212085317
16618,0,1527929.848295992,1466.0560084689776,1,0.0009595047901603475,3720.0,0.0,301.0,1817.0,98.0,1535.0,2185.0,0.0,0.1848982774940024
16619,1,6744912.668131693,12343.342268886765,3,0.0018300225482839065,4232.0,213.0,93.0,2101.0,159.0,2010.0,2222.0,0.0,0.1961824403566447
16620,0,1312274.629937254,1405.516953753922,1,0.0010710539712416192,2430.0,95.0,54.0,1220.0,85.0,1342.0,1088.0,0.0,0.21987859621927192
16621,0,8612207.181379415,3335.093402697703,1,0.00038725187776584836,3786.0,0.0,298.0,1963.0,35.0,1813.0,1973.0,0.0,0.22208446891227823
16703,0,2205517.043295999,7536.966310710593,2,0.0034173239937638823,3061.0,65.0,0.0,1487.0,53.0,1331.0,1730.0,0.0,0.25524151231711584
16704,12,6650566.109927196,36457.36125098161,4,0.005481843297003284,7347.0,153.0,374.0,3282.0,218.0,3813.0,3534.0,44.0,0.24668576907471218
16705,14,2127603.944582406,34710.00472227112,3,0.016314128769433073,4305.0,127.0,285.0,1981.0,247.0,2021.0,2284.0,32.0,0.27258227611592406
16706,3,2620664.600218865,13709.174776032758,1,0.005231182492749295,2922.0,390.0,257.0,1381.0,79.0,1558.0,1364.0,7.0,0.26181605967926275
16804,7,6151627.808685769,29468.63708461893,3,0.004790380367780182,8345.0,384.0,380.0,4128.0,377.0,3625.0,4720.0,60.0,0.29170849684653427
16806,8,2167625.548185432,19814.378499437596,1,0.009141052298458402,4102.0,198.0,150.0,1913.0,205.0,1842.0,2260.0,6.0,0.26291432147385096
16807,11,7492582.698847745,19694.43621351788,3,0.002628524369380216,7837.0,170.0,175.0,3930.0,62.0,4249.0,3588.0,0.0,0.274666569701057
16809,23,8027096.7200904945,73053.91390528312,3,0.009100913624528936,5503.0,145.0,302.0,2445.0,99.0,2670.0,2833.0,0.0,0.2921240177916635
16810,0,3275627.277552596,0.0,0,0.0,2968.0,60.0,93.0,1537.0,32.0,1570.0,1398.0,24.0,0.2893143106456525
16811,14,4671717.990341956,19860.46177496531,2,0.004251211613377284,4734.0,146.0,334.0,2164.0,72.0,2313.0,2421.0,26.0,0.29953802661196766
16812,10,31308186.29350768,30835.477572188865,2,0.0009849014338650195,3149.0,178.0,93.0,1176.0,35.0,1605.0,1544.0,35.0,0.3620135395246545
16813,3,13016566.574721579,12361.97729243306,2,0.0009497110640866122,3325.0,14.0,116.0,1067.0,0.0,1677.0,1648.0,36.0,0.32557280054196025
16901,0,61567461.52281885,114780.31347430937,2,0.0018643015423295982,7232.0,242.0,155.0,3197.0,161.0,4020.0,3212.0,36.0,0.2808568556959507
16902,0,177390277.92706424,21402.954708325185,2,0.00012065460947710573,2700.0,188.0,103.0,1135.0,32.0,1358.0,1342.0,0.0,0.3381148850970694
17006,5,3669242.055822267,18525.570023431803,2,0.0050488819602500365,3306.0,75.0,33.0,1479.0,36.0,1828.0,1478.0,0.0,0.32495823035078664
17009,9,4973588.665328154,22660.750694334376,3,0.004556217294829152,4516.0,182.0,127.0,2238.0,110.0,2349.0,2167.0,32.0,0.288562545958564
17010,0,21737883.209624093,45454.000466442376,2,0.0020910039872842063,3213.0,45.0,12.0,1594.0,6.0,1645.0,1568.0,0.0,0.2941353967493328
17014,7,2861975.6733789397,34461.06218483753,5,0.012041004577845241,2616.0,50.0,89.0,552.0,229.0,1124.0,1492.0,16.0,0.3220793618090989
17018,13,2608144.9994778642,48210.27393765399,4,0.018484506784440823,3959.0,170.0,106.0,2327.0,135.0,1725.0,2234.0,10.0,0.2621982224949851
17020,8,41046586.61421084,13955.188068586776,1,0.0003399841307085768,3800.0,28.0,35.0,1824.0,11.0,1777.0,2023.0,34.0,0.34752667549019983
17021,7,46242320.18254841,68583.53281063198,3,0.0014831334703770988,3685.0,199.0,30.0,1599.0,0.0,1784.0,1901.0,0.0,0.3334335302740112
17022,14,6368858.84710657,105275.5010939682,6,0.016529727478855304,5406.0,93.0,85.0,2883.0,167.0,2758.0,2648.0,11.0,0.20729117140662617
17031,7,1510023.7652547408,6452.403908687594,1,0.004273047919612758,3549.0,52.0,2.0,1809.0,60.0,1672.0,1877.0,21.0,0.3293931703304001
17033,2,13142384.392365383,6390.414803682799,1,0.0004862447036167266,5451.0,167.0,0.0,2433.0,45.0,2685.0,2766.0,0.0,0.26499782031490776
17034,1,3804035.023708952,6030.980330096763,4,0.0015854166148597992,5368.0,72.0,133.0,2888.0,152.0,2583.0,2785.0,30.0,0.2928971640518197
17035,6,3328065.746974351,17521.651785515038,1,0.005264815396584193,3481.0,193.0,409.0,1606.0,169.0,1688.0,1793.0,0.0,0.27453795748649795
17036,1,1411257.3795811285,1445.3994491250482,1,0.0010241926597075108,3373.0,188.0,16.0,1475.0,27.0,1711.0,1662.0,7.0,0.25444567642892457
17037,3,4528302.366937917,11777.210452534391,4,0.0026008003658329597,5096.0,239.0,126.0,2519.0,130.0,2467.0,2629.0,0.0,0.24616900488631907
17039,12,6826431.274695787,60317.14768635668,5,0.00883582435084936,6946.0,215.0,76.0,3500.0,286.0,3252.0,3694.0,45.0,0.2606528302896533
17040,15,4205928.497439135,48124.870315546745,3,0.011442151321604385,4606.0,62.0,55.0,2280.0,36.0,2443.0,2163.0,9.0,0.2771236515306874
17041,17,4427951.713255172,46777.05753857659,3,0.010564039666139185,5739.0,60.0,16.0,2712.0,180.0,3054.0,2685.0,0.0,0.28298222513574117
17043,1,4321178.954857009,50316.98123562265,5,0.011644271565996199,6291.0,193.0,308.0,3320.0,157.0,3058.0,3233.0,116.0,0.22566716504571627
17044,0,3437287.2653404595,0.0,0,0.0,5590.0,41.0,93.0,2756.0,66.0,2828.0,2762.0,17.0,0.23463786928164626
17045,0,2775898.7319988837,0.0,0,0.0,2344.0,16.0,9.0,1116.0,10.0,1171.0,1173.0,10.0,0.2414206149070348
17046,2,5373284.769531884,2598.692670844009,1,0.00048363203930291694,3809.0,107.0,26.0,1805.0,25.0,1983.0,1826.0,11.0,0.22275767789091824
17047,0,3029350.486103621,0.0,0,0.0,4520.0,5.0,0.0,2213.0,8.0,2414.0,2106.0,11.0,0.2247237560926457
17048,9,5385769.3970704265,32046.629007421012,3,0.00595024158012645,5995.0,473.0,90.0,3044.0,223.0,3170.0,2825.0,28.0,0.26510222195754374
17049,0,15387806.041716462,4787.321247937757,3,0.0003111113588876343,2878.0,200.0,59.0,1506.0,40.0,1465.0,1413.0,16.0,0.2789114065993231
17050,20,7084993.0620861,60981.91618239495,3,0.008607194904498534,2996.0,135.0,324.0,1281.0,114.0,1432.0,1564.0,10.0,0.2781273572444605
17051,5,3542282.9699465726,6725.941256509819,3,0.00189875888334558,5291.0,40.0,125.0,2808.0,47.0,2632.0,2659.0,33.0,0.31095849579716045
17052,1,3133391.540488521,33501.80777098715,4,0.010691867689718708,5287.0,17.0,45.0,2881.0,148.0,2473.0,2814.0,31.0,0.30504846128556795
17053,0,7578000.958792596,29913.548401404994,1,0.003947419453239436,3506.0,40.0,11.0,1371.0,0.0,1871.0,1635.0,36.0,0.32035106979906436
17054,10,9586511.192452982,28083.075070793326,2,0.0029294364244733615,5941.0,194.0,0.0,2659.0,155.0,2893.0,3048.0,0.0,0.30201649115633267
17055,4,2936389.163308501,9964.362605183422,1,0.0033934066811349803,5050.0,118.0,0.0,2891.0,38.0,2480.0,2570.0,28.0,0.2836657118898207
17056,7,3966331.7025660123,82500.06312376143,4,0.020800091699438084,4452.0,65.0,104.0,2381.0,235.0,2298.0,2154.0,30.0,0.27826383340257654
17057,8,4261745.814825884,8220.637885979302,2,0.0019289366947651148,3797.0,68.0,147.0,1976.0,36.0,1840.0,1957.0,32.0,0.3372398184103787
17058,7,2541631.7696243236,42704.09016820573,3,0.016801839935498518,4407.0,83.0,562.0,2597.0,147.0,1845.0,2562.0,0.0,0.34377725585790186
17059,3,3054697.417730303,3447.989027132363,2,0.001128749776367141,3489.0,219.0,14.0,1138.0,160.0,1549.0,1940.0,0.0,0.3378356060628476
17060,0,5937756.001356359,0.0,0,0.0,3269.0,73.0,92.0,1019.0,0.0,1506.0,1763.0,0.0,0.3528378636700758
17061,5,25657895.464283407,7983.113598689861,1,0.0003111367263072143,3486.0,107.0,139.0,1400.0,69.0,1472.0,2014.0,15.0,0.2874141190750007
17062,0,18018667.855583414,0.0,0,0.0,4913.0,444.0,0.0,2202.0,30.0,2405.0,2508.0,0.0,0.27743381084723323
17063,0,2489885.1180635877,2693.4388338332624,3,0.0010817522520589146,4882.0,96.0,0.0,2024.0,71.0,2608.0,2274.0,0.0,0.3389521016939642
17064,0,2671047.2060069856,0.0,0,0.0,8467.0,0.0,0.0,4360.0,7.0,4284.0,4183.0,0.0,0.321528898749751
17065,0,6669184.920677961,0.0,0,0.0,9628.0,178.0,202.0,3836.0,296.0,4036.0,5592.0,0.0,0.30867057875494686
17066,0,37628927.42700259,0.0,0,0.0,4911.0,77.0,659.0,1953.0,159.0,2568.0,2343.0,0.0,0.32369177550237327
17067,6,3496582.825333748,10589.642625552915,3,0.003028569078595224,2645.0,73.0,108.0,1148.0,51.0,1366.0,1279.0,0.0,0.24949546119273625
17068,2,4634234.194476318,35164.287384949435,5,0.007587939216982776,4890.0,107.0,74.0,2531.0,233.0,2322.0,2568.0,53.0,0.2440927837963917
17069,3,1403407.331820234,13711.279816551669,4,0.009769993006070444,2395.0,0.0,27.0,1196.0,0.0,1231.0,1164.0,0.0,0.30681496351236714
17070,0,3733140.0015050843,0.0,0,0.0,5749.0,172.0,83.0,2612.0,148.0,2741.0,3008.0,0.0,0.30732337745584437
17071,20,9137102.153653381,29787.01292881374,4,0.0032600065565540045,6262.0,5.0,27.0,2868.0,132.0,3278.0,2984.0,0.0,0.30447035157728003
17104,9,3132888.774897511,15447.447152319239,1,0.004930735899752644,3752.0,114.0,45.0,1976.0,59.0,1712.0,2040.0,17.0,0.34946353901206106
17106,14,43232244.39555324,27109.195371834474,2,0.0006270596345588493,4661.0,200.0,77.0,1542.0,54.0,2198.0,2463.0,0.0,0.3161536908144072
17107,8,2695147.297594599,19744.77173678827,4,0.007326045502006642,3083.0,24.0,36.0,1532.0,22.0,1455.0,1628.0,0.0,0.36361639003447666
17108,6,2997214.9802504545,15920.40236380307,4,0.0053117318806650046,4722.0,22.0,113.0,2371.0,30.0,2208.0,2514.0,22.0,0.35503923156676775
17109,19,6305423.182832089,39984.55046774595,2,0.006341295311726696,6376.0,66.0,23.0,3265.0,0.0,3063.0,3313.0,0.0,0.37180926278426496
17111,13,33279286.845119458,29680.16000413637,2,0.0008918508423052066,4696.0,9.0,1.0,1643.0,42.0,2559.0,2137.0,30.0,0.3470233622784275
17112,0,19853982.754178103,0.0,0,0.0,2305.0,19.0,19.0,1042.0,27.0,1234.0,1071.0,26.0,0.37831715032401403
17113,4,12851433.101271827,13331.077779841164,2,0.001037322271748967,5637.0,197.0,181.0,2571.0,124.0,2815.0,2822.0,18.0,0.3850344136803088
17201,6,3518098.1572708087,18853.430374698575,2,0.005358983613272538,2277.0,13.0,20.0,1470.0,184.0,1086.0,1191.0,0.0,0.26436791097808043
17202,5,4370647.040106481,13010.85388235539,3,0.002976871333457851,1714.0,13.0,0.0,658.0,18.0,805.0,909.0,13.0,0.27175423594597314
17303,14,4893823.081086026,15569.798574082344,3,0.003181520524159842,3455.0,181.0,36.0,1325.0,229.0,1523.0,1932.0,41.0,0.3078955964500991
17305,0,5995247.604781555,0.0,0,0.0,3167.0,31.0,73.0,1433.0,88.0,1587.0,1580.0,7.0,0.3056021026849807
17306,1,6700219.416843112,6096.663497252015,1,0.0009099199769377897,2203.0,21.0,9.0,813.0,37.0,1135.0,1068.0,0.0,0.2911750733460597
17307,14,2303806.7899943343,11553.539092834957,3,0.0050149774464651915,2358.0,37.0,36.0,1252.0,72.0,1174.0,1184.0,0.0,0.29780104252814643
17308,12,1794596.3293107592,7045.899462913049,1,0.0039261751224126985,2779.0,152.0,57.0,1433.0,297.0,1333.0,1446.0,0.0,0.29238037690895724
17403,9,6053692.388474836,24132.31144251513,4,0.003986378873240867,4463.0,24.0,39.0,2016.0,37.0,2041.0,2422.0,0.0,0.34174967688418795
17405,3,1818595.5158656049,8631.929362357285,2,0.004746481164751309,4383.0,2.0,1309.0,2228.0,318.0,2632.0,1751.0,0.0,0.34094292654240804
17406,0,5318965.169547129,4521.97333855594,2,0.0008501603590949916,3077.0,125.0,31.0,1433.0,126.0,1652.0,1425.0,0.0,0.331265942488883
17407,5,3064645.268380474,17022.92023437835,4,0.005554613582854956,3021.0,115.0,19.0,1427.0,21.0,1436.0,1585.0,0.0,0.340174954029703
17408,0,2126606.3888160945,1873.6425842959093,1,0.0008810481310267233,2219.0,91.0,204.0,1087.0,80.0,1037.0,1182.0,0.0,0.3286719623962559
17501,20,2871410.1748184217,32121.909045944143,6,0.011186806165014522,2850.0,97.0,92.0,1637.0,112.0,1380.0,1470.0,66.0,0.35726782506037214
17502,8,2723049.599496235,20331.128239456142,4,0.0074663084518245305,3408.0,115.0,73.0,1862.0,115.0,1608.0,1800.0,0.0,0.3511243689495649
17601,8,12462305.1175438,23533.80375579773,3,0.0018883989385453288,5335.0,193.0,35.0,1967.0,232.0,2639.0,2696.0,32.0,0.386348427973542
17603,10,2366643.7776928646,10599.513342380316,4,0.004478710924849581,2847.0,82.0,26.0,1476.0,28.0,1427.0,1420.0,8.0,0.3726688142231012
17605,12,4199561.951034288,12671.59913459994,3,0.00301736211594143,3724.0,80.0,51.0,1405.0,297.0,1715.0,2009.0,0.0,0.3656731643624969
17606,13,2846727.0997029664,34460.794204180755,4,0.012105408420700554,3416.0,69.0,185.0,1590.0,199.0,1395.0,2021.0,16.0,0.35912973592241865
17701,9,4174688.8290766226,20030.817457270892,2,0.004798158204692205,5695.0,472.0,192.0,3344.0,232.0,3097.0,2598.0,59.0,0.39111126063742446
17702,5,2129722.0701655336,14373.036670717818,5,0.006748785145284553,3621.0,83.0,51.0,2348.0,83.0,1916.0,1705.0,63.0,0.37366226386738094
17801,29,6385392.4105802635,56653.64294081485,5,0.008872382353031696,7197.0,589.0,73.0,3403.0,487.0,3875.0,3322.0,36.0,0.4902113794144481
17808,2,8063383.646832562,11250.530654029722,2,0.0013952617346254046,5861.0,202.0,30.0,2372.0,97.0,3116.0,2745.0,16.0,0.411107074340523
17809,13,2228291.3477673098,17788.077504445155,3,0.007982832910188494,2412.0,98.0,69.0,1292.0,47.0,1232.0,1180.0,10.0,0.4774238442379109
17810,6,5493420.862000227,13029.06860252101,4,0.002371758678212205,4775.0,179.0,40.0,1961.0,89.0,2226.0,2549.0,50.0,0.46806685659998254
17811,3,4751146.598033153,9506.314534608897,2,0.002000846393277836,6416.0,111.0,250.0,3315.0,307.0,3354.0,3062.0,24.0,0.428758196697645
17813,25,9813557.047759693,59498.994182251605,4,0.006062938636081445,4806.0,93.0,155.0,2470.0,164.0,2121.0,2685.0,30.0,0.42544906086888684
17901,15,2315587.8061749823,14267.328031690597,4,0.006161428209996566,3833.0,248.0,296.0,2395.0,364.0,2040.0,1793.0,175.0,0.4897175321577354
17902,2,1152363.8115161525,3933.990928949283,2,0.003413844559881982,3121.0,150.0,547.0,2013.0,330.0,1537.0,1584.0,15.0,0.4773444908133187
18000,14,2555123.897287643,27597.52783568792,4,0.010800857001487757,3614.0,117.0,79.0,2196.0,311.0,2016.0,1598.0,21.0,0.48240546697633074
18101,5,1792458.244070391,10847.042596575417,3,0.00605148969715662,3194.0,12.0,293.0,1756.0,0.0,1693.0,1501.0,33.0,0.5126506935961943
18102,10,2245015.341793227,18253.181233188116,4,0.008130537414772505,2574.0,24.0,120.0,1780.0,397.0,1279.0,1295.0,3.0,0.5055293450530036
18201,12,1388516.7255572723,22405.910876404676,6,0.016136579750173487,2777.0,108.0,284.0,1551.0,190.0,1446.0,1331.0,0.0,0.5232058145030608
18202,10,880804.883204282,10750.095774567848,6,0.012204854877121083,3590.0,199.0,72.0,1853.0,203.0,1794.0,1796.0,69.0,0.5283606116520817
18301,0,3531372.4405263388,50.22617291605467,2,1.422284784795133e-05,848.0,8.0,0.0,438.0,104.0,494.0,354.0,0.0,0.5317958884829578
18302,1,593404.8712061794,3673.278991892247,1,0.006190173303474553,1333.0,74.0,32.0,817.0,180.0,825.0,508.0,31.0,0.5273938140192551
18400,21,1881775.5532556453,24481.225224137772,7,0.013009641443041915,3367.0,349.0,267.0,1871.0,332.0,1551.0,1816.0,80.0,0.5355375595067905
18504,22,9100403.18478117,54988.96178983392,6,0.006042475335795378,6423.0,579.0,325.0,2936.0,347.0,2940.0,3483.0,0.0,0.5125101290559989
18509,17,2921199.0800831066,18591.372446313824,3,0.006364294913369926,5705.0,351.0,697.0,2673.0,384.0,2987.0,2718.0,145.0,0.5298060261899551
18510,30,2861546.1644739257,35358.9145482628,4,0.012356576660283681,2759.0,111.0,242.0,1229.0,118.0,1349.0,1410.0,12.0,0.5351544259939598
18511,27,2419541.244762973,21849.34825394532,3,0.009030368174643687,4725.0,196.0,417.0,2728.0,270.0,2390.0,2335.0,65.0,0.5266840897607548
18512,15,3315430.0278032753,32751.81381171334,6,0.009878602032634031,3703.0,247.0,169.0,1356.0,314.0,1519.0,2184.0,25.0,0.5344901340069511
18515,19,5896001.1969743315,52123.92993325115,9,0.008840556199344013,5437.0,79.0,243.0,2696.0,266.0,2918.0,2519.0,20.0,0.5051686410678656
18516,5,3106434.5397566753,33138.959923867245,7,0.010667844276049995,3924.0,121.0,103.0,2102.0,103.0,1931.0,1993.0,22.0,0.5078279829858612
18517,11,2779409.1881269445,29641.586573698576,3,0.010664707701306177,4364.0,332.0,149.0,2471.0,300.0,2350.0,2014.0,118.0,0.49832123259576805
18518,16,1417898.6423247906,22622.93224641625,3,0.01595525347941911,3893.0,160.0,207.0,1994.0,97.0,1949.0,1944.0,34.0,0.4995312815404757
18519,22,2224732.646793776,31831.05452960991,5,0.014307811132040498,5962.0,136.0,143.0,2773.0,157.0,2972.0,2990.0,35.0,0.5005727563594965
18520,9,1966210.1604214692,28966.24552674961,4,0.014732019043447786,5191.0,104.0,74.0,2674.0,146.0,2634.0,2557.0,183.0,0.5472203582682263
18521,17,4726394.459020401,53445.33593553627,5,0.011307844996630565,5231.0,624.0,180.0,2519.0,159.0,2489.0,2742.0,27.0,0.5502376466675806
18522,47,10177671.442644527,85648.604239588,8,0.008415343796688077,4907.0,42.0,40.0,2380.0,93.0,2659.0,2248.0,4.0,0.5272459865519272
18523,9,2310932.4940301045,16438.182923270586,5,0.007113225057735696,4792.0,49.0,167.0,2445.0,371.0,2512.0,2280.0,0.0,0.5359057869376079
18524,12,2611696.715120933,29894.267965611678,6,0.011446301476175591,4375.0,324.0,800.0,2159.0,313.0,1938.0,2437.0,55.0,0.5385207959038513
18525,5,3271931.3334807907,20136.658772317787,4,0.006154364722225308,4584.0,143.0,20.0,2443.0,39.0,2300.0,2284.0,10.0,0.5421438063254672
18601,0,6300006.686385706,1902.2725805733712,2,0.00030194770819595734,5052.0,277.0,191.0,2622.0,112.0,2531.0,2521.0,24.0,0.5510289471223538
18608,15,5855672.2650679,32895.01949815522,4,0.005617633297954694,3289.0,144.0,19.0,1468.0,72.0,1479.0,1810.0,36.0,0.5688931261438274
18609,11,1886680.9419565499,20133.025692696494,3,0.01067113428930802,6486.0,507.0,292.0,3655.0,169.0,3117.0,3369.0,69.0,0.5617547547784051
18612,12,8683324.406629829,44392.297323152896,6,0.005112361953131546,4719.0,130.0,150.0,2562.0,22.0,2509.0,2210.0,96.0,0.5557540328236296
18613,13,2412180.907711728,17981.987062035958,3,0.007454659393309868,3941.0,168.0,285.0,1858.0,290.0,1948.0,1993.0,120.0,0.5562131691190874
18615,2,1725244.7309979638,3867.4802629251108,4,0.002241699506995727,3231.0,170.0,416.0,1458.0,176.0,1816.0,1415.0,0.0,0.5385726455795916
18616,12,5483885.857787112,19743.283102966932,2,0.0036002359667883115,3371.0,400.0,540.0,1443.0,359.0,1642.0,1729.0,68.0,0.5394918932834241
18617,11,2445256.4020592817,38137.25136648041,5,0.015596422254272794,3497.0,265.0,90.0,1728.0,72.0,1878.0,1619.0,26.0,0.5707951586973647
18618,1,1153485.6614948045,14361.373650859148,5,0.012450413672457977,4206.0,252.0,32.0,2194.0,105.0,2119.0,2087.0,179.0,0.560460552716166
18619,4,34376582.375137046,12608.17337956616,3,0.00036676634233090763,5284.0,331.0,24.0,2195.0,100.0,2661.0,2623.0,0.0,0.5862635800110311
18620,2,1032025.5081184525,13895.20293696348,5,0.013464011138926844,2563.0,58.0,39.0,1303.0,129.0,1368.0,1195.0,0.0,0.5664110502891379
18621,13,861269.6076250015,20147.504602285248,3,0.02339279642973018,1990.0,53.0,13.0,1139.0,13.0,1256.0,734.0,16.0,0.5455482344014795
18622,12,1541789.6840742792,15837.030722573512,3,0.010271848933846238,4874.0,647.0,382.0,1473.0,294.0,2219.0,2655.0,168.0,0.5503923241434141
18700,99,803678297.6615626,174451.40413438377,3,0.00021706621249071865,38223.0,397.0,1737.0,4238.0,3733.0,26423.0,11800.0,266.0,0.645278009646864
18801,8,18102336.1231773,9537.030899277328,1,0.0005268397865547642,3766.0,121.0,40.0,1386.0,59.0,1645.0,2121.0,0.0,0.6433498656012959
18803,5,69976735.87533258,10520.751212119696,1,0.00015034641271154738,4501.0,177.0,323.0,1801.0,352.0,2151.0,2350.0,0.0,0.577324128123148
18804,10,33301035.748006392,12535.545015364552,1,0.00037643108491347777,5049.0,198.0,6.0,2073.0,48.0,2475.0,2574.0,0.0,0.6182844020651013
18805,0,25087893.31655947,0.0,0,0.0,3652.0,175.0,89.0,1658.0,79.0,1948.0,1704.0,0.0,0.6398066950216286
18903,2,10094638.691454558,1533.723237513359,1,0.0001519344361291213,5711.0,210.0,1396.0,2275.0,264.0,2628.0,3083.0,0.0,0.6856336405437256
18904,7,4181442.3845509407,4767.6241078345465,1,0.0011401864881480503,5972.0,168.0,1069.0,2371.0,460.0,3413.0,2559.0,45.0,0.676490255641271
18905,5,4068978.9368551406,3211.143433063498,1,0.0007891767155583626,6344.0,593.0,342.0,2826.0,222.0,3119.0,3225.0,27.0,0.6696667855134992
18906,8,6435589.594239472,6064.479276147499,1,0.0009423346823694047,6687.0,376.0,389.0,3036.0,159.0,3305.0,3382.0,71.0,0.6614401160493231
19001,0,237627495.2558354,0.0,0,0.0,6382.0,374.0,232.0,2402.0,25.0,3011.0,3371.0,0.0,0.6922772165846148
19002,0,54543888.71604822,0.0,0,0.0,2850.0,218.0,60.0,1447.0,41.0,1423.0,1427.0,0.0,0.6917630266107324
19103,2,90296663.04807638,4984.965603077101,1,5.5206531834105224e-05,5876.0,254.0,417.0,2963.0,0.0,2900.0,2976.0,0.0,0.5631177562582058
19105,5,65187137.71898068,3566.901304824275,1,5.4717869653996065e-05,6353.0,311.0,110.0,2850.0,15.0,3311.0,3042.0,12.0,0.5228015524987901
19107,0,146167265.73884165,8467.234301008102,1,5.792838949410591e-05,2454.0,79.0,61.0,1024.0,14.0,1187.0,1267.0,0.0,0.5426721800088973
19108,30,284520438.6938549,43951.27525096674,1,0.00015447493140645154,2328.0,45.0,191.0,715.0,18.0,1072.0,1256.0,0.0,0.6538049742622053
19109,14,128650364.71026516,22676.558777257695,1,0.00017626501742399106,4303.0,56.0,141.0,2540.0,35.0,2476.0,1827.0,2.0,0.6126534666781207
19110,22,76826007.44839072,25047.82820029837,1,0.0003260331889188008,5282.0,418.0,139.0,2285.0,58.0,2247.0,3035.0,6.0,0.5854753956815577
19111,19,41620735.01815042,33105.90089264055,1,0.000795418458568869,4491.0,101.0,398.0,1840.0,48.0,2366.0,2125.0,0.0,0.5345243456531307
19203,7,5456444.703929723,7531.829618141966,2,0.0013803547963598998,2946.0,120.0,12.0,1438.0,0.0,1431.0,1515.0,21.0,0.5327369898369477
19205,14,2787886.2640252244,23140.384170223064,3,0.008300332932812102,5603.0,88.0,279.0,2777.0,251.0,2828.0,2775.0,0.0,0.5200499568311012
19206,16,2070696.1068668568,30158.545360735316,5,0.014564447801260328,5556.0,385.0,189.0,2725.0,208.0,3091.0,2465.0,0.0,0.5121940041967965
19208,0,43066587.163938165,931.7662749680633,1,2.1635479761170358e-05,3568.0,211.0,51.0,1665.0,62.0,1882.0,1686.0,0.0,0.49201871075621895
19209,8,31724449.54220324,7965.555421362235,1,0.0002510856937254532,2865.0,130.0,42.0,1215.0,0.0,1450.0,1415.0,0.0,0.5272347142844199
19210,15,3011208.394911636,18631.101016136126,2,0.006187250622580327,5710.0,288.0,245.0,2728.0,152.0,3073.0,2637.0,0.0,0.5160491953856453
19301,8,5044492.95484476,8506.324393855253,2,0.0016862595448142574,6643.0,141.0,295.0,3096.0,87.0,3346.0,3297.0,13.0,0.5331279771151434
19303,16,12122863.952310212,23822.09229633863,3,0.0019650548245077793,8190.0,427.0,753.0,4128.0,278.0,3961.0,4229.0,50.0,0.539247223620224
19304,3,1733869.1709090471,8080.143409941232,5,0.004660180563510976,3105.0,47.0,24.0,1508.0,115.0,1548.0,1557.0,49.0,0.5210828881880474
19305,5,1843392.4185918118,9196.507338221172,1,0.004988903743700155,4177.0,193.0,23.0,1795.0,262.0,1848.0,2329.0,11.0,0.5223985016562338
19403,13,4624124.527559309,30586.834441990035,7,0.006614621699674313,5961.0,196.0,100.0,3265.0,72.0,2971.0,2990.0,100.0,0.5102394694545382
19404,11,1600913.578756124,17338.151376165886,5,0.010830160732122257,3248.0,226.0,266.0,1649.0,61.0,1678.0,1570.0,49.0,0.5149563137416663
19405,16,1592167.740530704,11322.858974322548,3,0.007111599290755881,3836.0,132.0,139.0,1986.0,126.0,1813.0,2023.0,20.0,0.5001447016083077
19406,5,2851668.131995889,3833.8138483441026,2,0.0013444109450635154,5066.0,161.0,185.0,2602.0,210.0,2594.0,2472.0,6.0,0.5016715954799644
19501,17,1115115.6279723502,19667.233174564437,10,0.017636945157271256,3637.0,282.0,302.0,1656.0,159.0,1892.0,1745.0,34.0,0.5081437264320761
19502,13,1103929.0206018402,23631.59105251214,6,0.02140680298415261,6222.0,291.0,667.0,2967.0,423.0,3313.0,2909.0,23.0,0.5057166664147585
19503,9,2563565.545635626,37971.6954883716,10,0.014812063437588707,5144.0,163.0,353.0,2749.0,214.0,2550.0,2594.0,54.0,0.4986029480111247
19601,20,5028243.536562643,35170.58138279207,4,0.006994605795652259,7060.0,229.0,42.0,3789.0,283.0,3659.0,3401.0,42.0,0.501082189771997
19602,13,6325855.8192659225,19725.322113351074,4,0.003118206085771977,5573.0,287.0,542.0,2360.0,95.0,2718.0,2855.0,9.0,0.488689698063667
19701,8,4326053.391160951,15702.483583093497,4,0.0036297479858147423,7677.0,107.0,840.0,3669.0,531.0,4422.0,3255.0,62.0,0.49064697711645644
19702,8,5777265.072036033,29173.14479015566,4,0.005049646229902762,4909.0,141.0,203.0,2695.0,46.0,2455.0,2454.0,22.0,0.4846358498859412
19803,29,5436998.701770329,23480.34856148549,4,0.004318623168668425,5038.0,157.0,163.0,2540.0,505.0,2731.0,2307.0,0.0,0.4877225503407255
19804,6,3645811.07318329,19960.81801540379,2,0.005475000655471507,4219.0,25.0,173.0,2019.0,28.0,2245.0,1974.0,13.0,0.4787134278502647
19805,15,2080583.467693432,14207.862426616797,2,0.006828787523899659,4134.0,202.0,152.0,1755.0,282.0,1896.0,2238.0,35.0,0.4865480549770491
19808,1,3089079.206745723,2146.069911073184,2,0.0006947280297593992,4435.0,15.0,41.0,1432.0,26.0,1985.0,2450.0,0.0,0.4654458811141374
19809,5,4171395.8187079607,9034.821886934149,4,0.0021658989651412593,4223.0,54.0,163.0,1725.0,7.0,2075.0,2148.0,8.0,0.4787175241411496
19810,10,14407770.553273192,17186.915646521775,4,0.0011928920982585476,6489.0,326.0,814.0,3156.0,348.0,3435.0,3054.0,21.0,0.4644142343669839
19811,30,14073259.823197713,58248.219678882204,5,0.004138928749319935,6058.0,231.0,169.0,2500.0,190.0,2913.0,3145.0,11.0,0.45955303201955733
19902,13,3722608.6322342055,22721.850835812656,3,0.006103744196761194,4267.0,208.0,88.0,2215.0,139.0,2168.0,2099.0,71.0,0.4674008735952021
19903,11,11417948.04385082,21149.085849072573,3,0.0018522667792714729,5034.0,212.0,93.0,2351.0,25.0,2536.0,2498.0,25.0,0.47118160494005323
19904,13,5997078.815389515,19973.471691419894,2,0.0033305334657541268,6007.0,321.0,399.0,3244.0,420.0,2606.0,3401.0,11.0,0.46673306089713146
19905,11,5028649.0452252235,18419.78003269278,2,0.0036629678999338068,5125.0,92.0,27.0,2434.0,216.0,2519.0,2606.0,10.0,0.4566202985743437
20015,3,4214505.649889776,12361.04181421156,4,0.002932975499637744,5772.0,159.0,98.0,3121.0,102.0,2774.0,2998.0,1.0,0.3886863315449381
20017,21,6986248.780522358,33834.1252299897,3,0.004842960262783534,3113.0,235.0,66.0,1407.0,198.0,1554.0,1559.0,6.0,0.4534973351407977
20019,17,4858075.348575847,37787.58351408867,5,0.007778303299714394,7595.0,274.0,869.0,3431.0,180.0,3573.0,4022.0,27.0,0.42753027365360147
20021,16,4140488.6048632637,30163.837396261963,7,0.007285091271796436,5564.0,239.0,585.0,2810.0,247.0,2739.0,2825.0,25.0,0.4415512779945098
20023,9,4857506.411033422,14867.892083433098,3,0.0030608075060203563,4012.0,83.0,106.0,2178.0,39.0,2093.0,1919.0,0.0,0.4408952515948256
20024,2,2463080.354143694,1229.8583529478678,2,0.0004993171866597248,4328.0,185.0,85.0,1766.0,380.0,2037.0,2291.0,10.0,0.44049842758065627
20025,7,2804768.1801916636,13673.48403540903,3,0.004875085268000528,5188.0,324.0,313.0,2392.0,252.0,2881.0,2307.0,0.0,0.43291254645256094
20026,4,5469218.647042987,13689.589953724952,5,0.002503024807963461,3942.0,140.0,11.0,2063.0,74.0,2033.0,1909.0,9.0,0.4192256463928036
20028,2,653588.5642805587,6111.830938234366,2,0.009351190140485395,3864.0,293.0,176.0,1856.0,310.0,2075.0,1789.0,20.0,0.43362518670386874
20029,31,7807075.457602136,63400.6564750377,7,0.008120922721875493,5990.0,328.0,668.0,3339.0,750.0,3006.0,2984.0,83.0,0.4295657378792351
20030,7,8483535.39203847,25493.6771413452,3,0.0030050770066062564,8171.0,770.0,527.0,4111.0,267.0,3759.0,4412.0,43.0,0.41525544036628714
20031,4,6394093.70032003,15342.579831324452,3,0.0023994924926665595,6836.0,316.0,252.0,3137.0,152.0,3007.0,3829.0,1.0,0.41842330122071014
20032,3,5963100.615725851,15379.235200089328,4,0.002579066863224026,3491.0,16.0,0.0,1639.0,16.0,1623.0,1868.0,0.0,0.4009195476659966
20033,0,2351310.921850267,0.0,0,0.0,4773.0,355.0,60.0,2580.0,175.0,2432.0,2341.0,39.0,0.40176247647454477
20034,6,2003310.608777408,16229.77416966017,4,0.008101476674935082,2755.0,0.0,17.0,1263.0,20.0,1415.0,1340.0,0.0,0.3732201191081283
20035,7,4855440.254862,19426.452978304973,4,0.004000966330262693,6486.0,70.0,55.0,3061.0,123.0,3257.0,3229.0,14.0,0.3824751002698078
20036,5,1140958.597811132,13713.65510966471,4,0.012019415196987538,3475.0,269.0,402.0,1688.0,197.0,1374.0,2101.0,0.0,0.4489453287133411
20037,5,2991535.8046094896,13817.961844600246,3,0.004619019375702916,5105.0,276.0,212.0,2286.0,317.0,2780.0,2325.0,0.0,0.44196846207053925
20038,3,10654698.567582533,12939.830656085587,7,0.001214471772618297,5173.0,277.0,72.0,2719.0,152.0,2755.0,2418.0,0.0,0.45527017932321107
20039,0,865968.7993354069,0.0,0,0.0,1856.0,18.0,0.0,1066.0,0.0,969.0,887.0,0.0,0.4531250057327649
20040,3,6202401.577779964,2377.942789260578,2,0.00038339065270774023,4169.0,173.0,238.0,2023.0,106.0,1966.0,2203.0,0.0,0.4525931100963377
20041,0,1112022.924545399,0.0,0,0.0,2843.0,100.0,6.0,1542.0,137.0,1375.0,1468.0,0.0,0.4445071359990367
20042,5,5334635.79616876,30221.215484723165,2,0.005665094420583969,4693.0,89.0,31.0,1570.0,31.0,2381.0,2312.0,0.0,0.40925182380496233
20043,0,5138256.823833654,0.0,0,0.0,5572.0,44.0,164.0,2221.0,0.0,2814.0,2758.0,0.0,0.3943503107624905
20044,1,12315926.679630835,618.9244826414845,1,5.025399214702344e-05,8591.0,231.0,260.0,4095.0,179.0,4471.0,4120.0,15.0,0.4083043413402642
20105,10,3764139.5446313643,9064.241717595833,5,0.0024080514577425227,3854.0,185.0,89.0,2139.0,163.0,1928.0,1926.0,21.0,0.45218730168781057
20106,9,2608282.135762212,8612.056310565604,4,0.0033018116378153712,3606.0,100.0,439.0,1719.0,51.0,1840.0,1766.0,27.0,0.44624345967802387
20107,6,3313296.984216751,3648.7884634350876,2,0.001101256084442924,4822.0,634.0,230.0,2304.0,87.0,2529.0,2293.0,0.0,0.4531805229306031
20108,10,1349214.5797005745,8788.670875647511,6,0.006513916324264702,5270.0,274.0,184.0,2643.0,336.0,2772.0,2498.0,17.0,0.4349740205269091
20109,16,2206206.811741152,11327.57420655319,3,0.005134411763334825,5042.0,269.0,267.0,2460.0,71.0,2712.0,2330.0,104.0,0.44659166059321165
20110,13,67994450.97534443,24351.794649937343,3,0.00035814385292658044,8227.0,396.0,91.0,3837.0,128.0,4392.0,3835.0,17.0,0.46972764643414316
20111,0,20328035.967972793,53.964132992696875,2,2.654665363526432e-06,3784.0,12.0,174.0,1875.0,101.0,2083.0,1701.0,76.0,0.475324447503164
20202,17,1615586.8323903412,25327.38216639554,9,0.01567689316266735,7135.0,798.0,441.0,3312.0,421.0,3570.0,3565.0,73.0,0.43383097915363905
20206,12,1189516.8209791037,8859.538840070769,5,0.007448014760126209,5862.0,598.0,20.0,3012.0,185.0,3024.0,2838.0,62.0,0.44452627743679457
20207,11,1183946.851208821,15749.125880659858,8,0.013302223714332997,5109.0,319.0,552.0,1985.0,379.0,2295.0,2814.0,55.0,0.43885835509051124
20208,5,948129.9378946765,3668.749203966972,7,0.0038694582433642308,3523.0,75.0,222.0,1757.0,70.0,1671.0,1852.0,0.0,0.4514559898400048
20209,14,1254883.6026344756,17965.265193457788,8,0.014316280136055565,4743.0,312.0,483.0,2097.0,364.0,2226.0,2517.0,50.0,0.44488959233054065
20210,10,1462737.5642210871,12148.158399508186,6,0.008305084040127952,5340.0,410.0,448.0,2649.0,219.0,2578.0,2762.0,25.0,0.4534706410297092
20211,20,2276024.509159985,19652.443576827558,9,0.008634548309007757,5945.0,414.0,456.0,2673.0,414.0,2971.0,2974.0,47.0,0.43570857626781323
20213,5,480925.7421236982,5430.001826842021,9,0.01129072817533934,4387.0,257.0,1112.0,1580.0,576.0,2139.0,2248.0,66.0,0.4317443601707033
20214,26,2504135.2729486525,44062.75313597985,13,0.017595995556619982,5009.0,509.0,1115.0,2092.0,685.0,2713.0,2296.0,104.0,0.4282441811909428
20304,3,19868882.627959732,5077.5748674800725,2,0.00025555412262262035,6455.0,52.0,31.0,3308.0,75.0,3357.0,3098.0,0.0,0.45767256646207777
20305,16,4970654.037207574,15214.793279280784,3,0.003060923807086801,5789.0,155.0,179.0,2829.0,262.0,3018.0,2771.0,68.0,0.44556184925790027
20308,10,1733141.9110035007,5906.914335041887,3,0.0034082115824097432,6293.0,538.0,368.0,2833.0,771.0,3175.0,3118.0,85.0,0.4341416496052139
20309,2,4054294.7888917876,2630.8375723953664,4,0.000648901401941344,4580.0,431.0,65.0,2737.0,173.0,2085.0,2495.0,0.0,0.43153659414724305
20310,4,8131698.338742231,12689.145953500742,2,0.0015604545846278199,8049.0,604.0,211.0,4050.0,511.0,3718.0,4331.0,0.0,0.4194406842394502
20311,4,21262884.238875438,7308.149444633461,3,0.00034370452110498714,3247.0,238.0,86.0,1442.0,101.0,1638.0,1609.0,33.0,0.4146828774396792
20312,4,20743272.089636445,17050.576485537553,3,0.0008219810457992401,3851.0,92.0,53.0,1914.0,31.0,1851.0,2000.0,83.0,0.3948864816515698
20313,55,11034986.593583843,99873.41532315523,20,0.00905061501218546,2956.0,265.0,240.0,1266.0,257.0,1424.0,1532.0,74.0,0.4112604552951899
20401,1,14265434.75121096,8607.260067160958,3,0.0006033647215995508,2098.0,52.0,37.0,953.0,11.0,927.0,1171.0,8.0,0.3699174645417846
20403,0,4172097.501762257,42040.76677557831,2,0.010076650116115615,3848.0,182.0,183.0,1930.0,110.0,1764.0,2084.0,13.0,0.3998640167771952
20404,6,5405298.439208069,12782.070674434017,3,0.002364729869810245,5608.0,240.0,26.0,3121.0,240.0,2743.0,2865.0,0.0,0.39796393349530346
20405,4,7324569.152575246,7106.836808752343,3,0.0009702736994780983,3402.0,47.0,86.0,1527.0,8.0,1641.0,1761.0,15.0,0.3816791085542921
20500,4,2976637.615341669,22562.90556893407,11,0.007579997461781797,4519.0,336.0,426.0,2081.0,187.0,2227.0,2292.0,20.0,0.40947095746679063
20601,11,1851227.7867646005,10291.611911819778,6,0.005559343904299577,6022.0,372.0,320.0,2834.0,528.0,2716.0,3306.0,168.0,0.4133221576450821
20602,9,2844363.941570594,15081.407522564416,7,0.005302207394120177,6048.0,682.0,477.0,3158.0,432.0,3459.0,2589.0,44.0,0.4228252003664067
20705,2,4818633.516750002,9966.11712347787,4,0.002068245507535436,4390.0,168.0,11.0,2267.0,59.0,2156.0,2234.0,4.0,0.4269510608184024
20706,9,23841309.337358687,17168.323784824395,5,0.0007201082600745461,6348.0,87.0,430.0,2433.0,308.0,2871.0,3477.0,5.0,0.40764496337426076
20707,4,1685399.5373086936,2046.784952145622,1,0.0012144212139834816,5100.0,364.0,872.0,2603.0,439.0,2899.0,2201.0,62.0,0.4079797791909136
20708,8,6478715.627170825,20461.413273935726,3,0.0031582514886320102,3553.0,129.0,313.0,1735.0,110.0,1914.0,1639.0,0.0,0.39678281840851004
20710,11,36559620.34701639,44135.78244554821,4,0.0012072275922621859,1809.0,175.0,102.0,734.0,17.0,820.0,989.0,8.0,0.37943831593864447
20711,21,145154087.8242472,46904.19607841569,4,0.0003231338282061154,3906.0,197.0,31.0,1924.0,38.0,1931.0,1975.0,29.0,0.4511500129589321
20712,7,8682289.307987977,13734.027496874984,6,0.001581844028652587,4553.0,244.0,15.0,2420.0,0.0,2133.0,2420.0,0.0,0.4470452860506972
20801,6,193067396.63915306,191788.29917270038,3,0.0009933748655199233,5465.0,314.0,133.0,2933.0,132.0,3053.0,2412.0,0.0,0.3900494116922145
20805,7,10315856.516300306,22091.103523894148,3,0.002141470607795632,3329.0,42.0,196.0,1666.0,95.0,1747.0,1582.0,5.0,0.4251183816155221
20806,18,9908973.039371949,25892.788903111363,3,0.0026130648252074063,5586.0,118.0,443.0,2765.0,304.0,2866.0,2720.0,14.0,0.437196144685701
20807,11,136903852.50218594,188497.4901864659,3,0.001376860378589099,2821.0,73.0,162.0,1278.0,21.0,1417.0,1404.0,0.0,0.49149421485601436
20810,1,55660831.00290062,27413.53779040461,2,0.0004925103936909606,4933.0,38.0,41.0,2562.0,6.0,2688.0,2245.0,0.0,0.4694670263060405
20811,0,68433063.12663768,0.0,0,0.0,6148.0,99.0,32.0,2898.0,24.0,3132.0,3016.0,0.0,0.47332793584174987
20812,12,9214956.79851718,35912.51110921544,3,0.0038971979895764982,2192.0,25.0,39.0,1054.0,75.0,1312.0,880.0,0.0,0.4573796638566803
20813,6,18793540.844099604,22929.928121073084,3,0.0012200962187640194,5887.0,173.0,66.0,3295.0,187.0,2768.0,3119.0,0.0,0.44904626342107035
20902,6,613139266.3944966,51999.269646528104,1,8.480825237682876e-05,2420.0,29.0,33.0,792.0,22.0,1279.0,1141.0,0.0,0.6447631069993737
20903,15,1855794847.471801,380645.8713796162,2,0.00020511204236728012,2894.0,260.0,232.0,1247.0,98.0,1490.0,1404.0,0.0,0.7288177976713278
20904,10,213696862.3718594,167916.4928264752,2,0.0007857695754759347,2170.0,10.0,79.0,865.0,57.0,1221.0,949.0,0.0,0.6652514283452166
21001,16,2331008332.025655,292146.5937192748,2,0.00012533056604967102,1801.0,70.0,61.0,501.0,34.0,840.0,961.0,0.0,0.9368775736185859
21002,10,1613075646.6592822,138355.63686317528,2,8.577132582077789e-05,1636.0,52.0,0.0,682.0,0.0,711.0,925.0,0.0,0.9637543515514688
21101,39,860421051.6049764,626299.9106997012,2,0.0007278993343217718,5535.0,357.0,880.0,2191.0,29.0,3361.0,2174.0,0.0,0.6509638070027035
21102,16,798371319.502636,152754.94375226687,1,0.00019133320551573563,2726.0,596.0,348.0,532.0,63.0,1369.0,1357.0,0.0,0.8775647845917561
21202,7,255716444.72473782,103193.29605753222,2,0.0004035457952992156,3281.0,156.0,128.0,1592.0,41.0,1564.0,1717.0,0.0,0.5444235413737408
21204,11,66730203.504583694,57036.0322525149,2,0.0008547258850873593,5915.0,187.0,300.0,2972.0,43.0,3212.0,2703.0,0.0,0.41082392216160196
21205,25,14107225.090043455,92990.50248033341,2,0.006591693397304896,7105.0,312.0,611.0,3213.0,393.0,3366.0,3739.0,34.0,0.41003102957682225
21206,8,60896390.134222515,22770.742379406347,2,0.0003739259803285065,3666.0,34.0,89.0,1548.0,44.0,1744.0,1922.0,13.0,0.42538622024818695
21302,8,540852340.2938954,300753.593784377,1,0.0005560733889418868,7790.0,338.0,183.0,1982.0,78.0,5572.0,2218.0,23.0,0.35022894770304525
21304,5,113917316.80428658,131947.5043812411,1,0.0011582743351296707,3204.0,19.0,21.0,1474.0,0.0,1608.0,1596.0,13.0,0.30982401241278834
21305,9,55457983.43850005,142216.5985587433,3,0.0025644026295412264,3837.0,50.0,17.0,1548.0,18.0,1897.0,1940.0,5.0,0.273355604238776
21306,5,53641483.370152585,120651.13482799684,2,0.0022492132440753874,6006.0,278.0,149.0,2809.0,63.0,2977.0,3029.0,0.0,0.2269393135385611
21401,21,3812522.826520223,25911.98614377879,3,0.006796545836665654,4290.0,49.0,101.0,1484.0,384.0,2075.0,2215.0,32.0,0.06293618939661272
21402,18,1119465.812329297,26224.574970394508,3,0.023425972174914805,2786.0,270.0,97.0,1699.0,222.0,1393.0,1393.0,0.0,0.06791678253026885
21501,0,2627686.140354624,0.0,0,0.0,3813.0,0.0,76.0,1777.0,0.0,2217.0,1596.0,0.0,0.2480977735563985
21502,0,15238076.59577898,0.0,0,0.0,8945.0,202.0,878.0,3979.0,405.0,4390.0,4555.0,21.0,0.24552730273744033
21600,11,21620049.998312026,66387.96125685301,2,0.0030706664074336655,2879.0,206.0,30.0,532.0,138.0,1809.0,1070.0,9.0,0.044458762351584045
21800,6,2029660.0595283431,12156.220372412909,2,0.005989288854231973,2017.0,36.0,13.0,894.0,33.0,962.0,1055.0,7.0,0.029001997608810844
21900,34,13444983.881470282,153304.2771948143,10,0.011402339976479737,3600.0,236.0,318.0,1235.0,107.0,2155.0,1445.0,150.0,0.06191917661792269
22000,10,1033846.1427220833,27147.294101299434,6,0.026258543684093548,4504.0,93.0,290.0,2195.0,354.0,2195.0,2309.0,185.0,0.0821710619327679
22101,53,17906783.126230933,72954.47379700799,4,0.0040741250554456035,2280.0,315.0,0.0,989.0,96.0,1167.0,1113.0,0.0,0.4541045829653727
22102,19,8772775.888916045,34779.79110221162,4,0.003964513802997533,8017.0,372.0,336.0,3118.0,275.0,3941.0,4076.0,16.0,0.4222948508748559
