Total,Less than 5 mins,5 to 10 Mins,10 to 15 Mins,15 to 20 Mins,20 to 25 Mins,25 to 30 Mins,30 to 35 Mins,35 to 40 Mins,40 to 45 Mins,45 to 60 Mins,60 to 90 Mins,More than 90 Mins,Total Population,Mean Time,Mean Time 2,tract
982.0,7.0,68.0,152.0,261.0,152.0,75.0,158.0,0.0,44.0,60.0,0.0,5.0,2956.0,23.06262729124236,21.018329938900205,100
935.0,21.0,166.0,161.0,184.0,122.0,10.0,117.0,19.0,52.0,74.0,0.0,9.0,2309.0,21.581283422459894,20.02139037433155,201
2184.0,23.0,118.0,408.0,553.0,444.0,98.0,261.0,0.0,21.0,136.0,88.0,34.0,4116.0,23.605311355311354,22.513736263736263,202
1376.0,29.0,23.0,352.0,245.0,224.0,69.0,150.0,49.0,12.0,131.0,51.0,41.0,2250.0,24.584120639534884,25.265261627906977,301
1860.0,36.0,397.0,258.0,337.0,226.0,55.0,342.0,57.0,21.0,94.0,9.0,28.0,3042.0,20.734408602150538,19.739247311827956,302
2317.0,16.0,235.0,524.0,367.0,297.0,159.0,290.0,66.0,68.0,205.0,90.0,0.0,3607.0,25.11167457919724,22.05438066465257,400
1447.0,6.0,141.0,248.0,348.0,228.0,103.0,162.0,47.0,73.0,40.0,21.0,30.0,3045.0,22.142363510711817,21.52384243261921,500
1934.0,0.0,108.0,296.0,598.0,178.0,251.0,238.0,27.0,47.0,128.0,20.0,43.0,3196.0,23.205532574974146,22.686142709410547,600
2341.0,49.0,162.0,518.0,345.0,465.0,150.0,273.0,34.0,72.0,182.0,51.0,40.0,4342.0,23.524348568987612,24.141392567278942,700
2759.0,17.0,293.0,719.0,499.0,398.0,47.0,472.0,16.0,44.0,121.0,75.0,58.0,5230.0,21.756161652772743,21.786879304095688,800
2486.0,16.0,162.0,484.0,604.0,458.0,183.0,154.0,86.0,60.0,191.0,31.0,57.0,3310.0,22.684131134352373,22.982703137570393,901
1261.0,0.0,12.0,78.0,265.0,264.0,71.0,281.0,11.0,47.0,49.0,113.0,70.0,2208.0,28.705194290245835,30.321173671689134,902
2538.0,34.0,232.0,599.0,370.0,298.0,189.0,361.0,93.0,41.0,86.0,235.0,0.0,4327.0,26.325453112687157,22.95311268715524,1000
1610.0,0.0,51.0,269.0,469.0,344.0,200.0,162.0,56.0,11.0,23.0,25.0,0.0,3083.0,22.4305900621118,19.888198757763973,1100
954.0,0.0,7.0,140.0,161.0,214.0,99.0,194.0,0.0,0.0,37.0,102.0,0.0,2478.0,29.41745283018868,25.455974842767297,1201
1988.0,15.0,50.0,327.0,540.0,360.0,205.0,157.0,74.0,101.0,104.0,55.0,0.0,3132.0,24.883551307847082,22.125251509054326,1202
1851.0,40.0,58.0,301.0,491.0,355.0,81.0,291.0,12.0,40.0,110.0,72.0,0.0,2761.0,24.80551053484603,21.7882225823879,1301
2140.0,26.0,158.0,506.0,374.0,365.0,135.0,355.0,0.0,46.0,111.0,53.0,11.0,3329.0,23.069042056074768,20.726635514018692,1302
1898.0,21.0,274.0,357.0,339.0,288.0,58.0,178.0,104.0,146.0,41.0,43.0,49.0,3515.0,22.052291886195995,23.116438356164384,1400
2556.0,102.0,107.0,455.0,582.0,302.0,275.0,351.0,100.0,89.0,83.0,105.0,5.0,3908.0,24.44473787167449,21.654929577464788,1500
2698.0,0.0,101.0,711.0,455.0,279.0,237.0,435.0,12.0,147.0,168.0,88.0,65.0,5625.0,24.721830985915492,25.5763528539659,1600
2682.0,85.0,34.0,500.0,511.0,545.0,97.0,429.0,0.0,164.0,109.0,75.0,133.0,4244.0,23.44416480238628,25.93959731543624,1700
1024.0,0.0,26.0,81.0,373.0,285.0,5.0,156.0,0.0,51.0,10.0,37.0,0.0,1847.0,24.2431640625,21.2646484375,1801
2068.0,9.0,224.0,320.0,271.0,374.0,234.0,154.0,61.0,20.0,49.0,268.0,84.0,3269.0,27.138418762088975,28.145551257253384,1802
1495.0,27.0,104.0,161.0,316.0,381.0,91.0,257.0,9.0,49.0,100.0,0.0,0.0,2993.0,23.754180602006688,21.123745819397993,1900
1124.0,0.0,45.0,167.0,257.0,232.0,60.0,116.0,79.0,73.0,44.0,36.0,15.0,3236.0,25.487989323843415,24.47064056939502,2001
1286.0,7.0,47.0,169.0,351.0,218.0,174.0,146.0,24.0,22.0,77.0,39.0,12.0,2592.0,24.791407465007776,23.188180404354586,2002
2967.0,43.0,189.0,532.0,647.0,750.0,176.0,265.0,23.0,148.0,113.0,81.0,0.0,5214.0,23.260279743849004,20.544320862824403,2100
1323.0,6.0,78.0,48.0,231.0,250.0,95.0,373.0,32.0,106.0,69.0,18.0,17.0,3376.0,27.435563114134542,25.925925925925927,2201
2650.0,79.0,132.0,325.0,588.0,690.0,115.0,144.0,126.0,122.0,83.0,203.0,43.0,5807.0,25.819150943396227,24.32264150943396,2202
1238.0,0.0,80.0,248.0,224.0,199.0,51.0,225.0,0.0,26.0,122.0,47.0,16.0,2908.0,25.749596122778676,23.905492730210018,2301
2923.0,51.0,17.0,439.0,870.0,422.0,299.0,222.0,0.0,24.0,147.0,365.0,67.0,6673.0,28.070218953130347,27.34348272322956,2302
2305.0,0.0,115.0,362.0,394.0,362.0,139.0,454.0,29.0,59.0,118.0,97.0,176.0,4955.0,24.338177874186552,30.563991323210413,2401
2201.0,0.0,71.0,336.0,665.0,310.0,94.0,242.0,6.0,92.0,140.0,171.0,74.0,4879.0,26.415265788278056,26.42208087233076,2402
2454.0,8.0,184.0,35.0,593.0,234.0,189.0,559.0,56.0,106.0,114.0,336.0,40.0,5034.0,32.05521597392013,30.35248573757131,2501
2526.0,0.0,107.0,425.0,545.0,432.0,187.0,327.0,79.0,45.0,75.0,267.0,37.0,7034.0,27.711302454473476,25.558194774346795,2502
2318.0,55.0,47.0,272.0,398.0,672.0,204.0,365.0,87.0,49.0,145.0,24.0,0.0,5551.0,25.125647109577223,22.47411561691113,2601
1876.0,0.0,12.0,408.0,233.0,365.0,98.0,341.0,13.0,85.0,267.0,49.0,5.0,4794.0,28.31383262260128,25.362473347547976,2602
2392.0,0.0,180.0,190.0,467.0,606.0,209.0,403.0,42.0,71.0,187.0,20.0,17.0,5609.0,25.223348662207357,23.095735785953178,2702
3149.0,0.0,108.0,156.0,545.0,910.0,277.0,393.0,50.0,53.0,284.0,373.0,0.0,6982.0,31.8342330898698,27.619879326770402,2703
1526.0,0.0,17.0,124.0,217.0,387.0,192.0,215.0,7.0,62.0,94.0,131.0,80.0,4158.0,28.919397116644824,33.80078636959371,2705
1838.0,0.0,0.0,391.0,393.0,342.0,157.0,226.0,0.0,113.0,96.0,120.0,0.0,5553.0,27.197497279651795,24.004352557127312,2707
1909.0,17.0,74.0,333.0,249.0,308.0,192.0,317.0,64.0,70.0,108.0,161.0,16.0,5080.0,28.694080670508118,26.581980094290206,2708
1539.0,5.0,90.0,158.0,60.0,335.0,155.0,371.0,0.0,80.0,68.0,86.0,131.0,3972.0,26.64522417153996,31.90383365821962,2709
1695.0,63.0,48.0,130.0,314.0,276.0,170.0,307.0,54.0,22.0,103.0,117.0,91.0,3771.0,26.942920353982302,28.545722713864308,2710
1385.0,5.0,46.0,95.0,456.0,271.0,41.0,244.0,40.0,49.0,100.0,31.0,7.0,3423.0,25.89350180505415,23.67509025270758,2711
2352.0,6.0,87.0,200.0,341.0,440.0,291.0,281.0,13.0,89.0,500.0,104.0,0.0,5678.0,31.72406462585034,27.846513605442176,2712
952.0,20.0,144.0,140.0,248.0,148.0,69.0,52.0,28.0,52.0,42.0,9.0,0.0,2516.0,21.310924369747898,18.702731092436974,2801
2675.0,46.0,221.0,377.0,362.0,628.0,276.0,364.0,93.0,150.0,87.0,38.0,33.0,4872.0,23.80252336448598,22.671028037383177,2803
2109.0,41.0,212.0,382.0,487.0,212.0,271.0,335.0,52.0,33.0,51.0,33.0,0.0,5659.0,22.104196301564723,19.521100047415835,2804
2846.0,13.0,84.0,341.0,450.0,642.0,342.0,482.0,0.0,48.0,234.0,115.0,95.0,6166.0,26.46644413211525,26.509135628952915,2902
2250.0,58.0,44.0,112.0,502.0,390.0,189.0,305.0,70.0,84.0,322.0,161.0,13.0,4224.0,31.022444444444446,27.797777777777778,2903
3453.0,28.0,323.0,579.0,623.0,412.0,121.0,516.0,102.0,102.0,395.0,109.0,143.0,9844.0,25.245076744859542,26.119316536345206,2904
2244.0,10.0,93.0,327.0,496.0,387.0,187.0,270.0,136.0,180.0,113.0,45.0,0.0,4541.0,25.93616310160428,23.478163992869874,2905
2314.0,0.0,95.0,392.0,334.0,418.0,196.0,282.0,16.0,185.0,183.0,147.0,66.0,4949.0,27.89898444252377,27.87381158167675,3001
2303.0,68.0,55.0,138.0,498.0,493.0,247.0,465.0,65.0,51.0,27.0,109.0,87.0,5588.0,25.28191489361702,25.825010855405992,3003
2117.0,0.0,0.0,88.0,434.0,569.0,135.0,343.0,71.0,167.0,138.0,121.0,51.0,5456.0,29.50968351440718,29.204062352385453,3004
1736.0,0.0,6.0,123.0,351.0,462.0,222.0,321.0,32.0,20.0,130.0,28.0,41.0,4089.0,26.304723502304146,26.408410138248847,3101
2424.0,0.0,59.0,19.0,218.0,693.0,132.0,355.0,155.0,93.0,542.0,126.0,32.0,6069.0,34.26588283828383,31.957508250825082,3103
2296.0,60.0,9.0,138.0,225.0,346.0,202.0,490.0,62.0,120.0,522.0,108.0,14.0,5203.0,34.061628919860624,31.010452961672474,3105
2241.0,0.0,53.0,143.0,255.0,884.0,144.0,180.0,40.0,22.0,216.0,210.0,94.0,5338.0,29.418340026773762,30.30789825970549,3107
1553.0,0.0,65.0,185.0,250.0,494.0,36.0,181.0,33.0,32.0,136.0,74.0,67.0,3563.0,26.068254990341273,28.705730843528656,3108
1515.0,31.0,46.0,251.0,257.0,162.0,52.0,294.0,95.0,45.0,135.0,71.0,76.0,3492.0,26.804455445544555,28.884488448844884,3109
2383.0,3.0,22.0,225.0,464.0,500.0,189.0,493.0,160.0,114.0,116.0,77.0,20.0,6681.0,27.827947964750315,25.606378514477548,3111
1673.0,0.0,94.0,63.0,283.0,327.0,107.0,426.0,54.0,105.0,127.0,87.0,0.0,3908.0,30.066796174536762,26.736401673640167,3112
2114.0,23.0,40.0,195.0,342.0,396.0,283.0,407.0,64.0,64.0,203.0,69.0,28.0,4597.0,28.241840113528855,27.49763481551561,3113
1442.0,5.0,37.0,62.0,97.0,246.0,313.0,239.0,74.0,57.0,141.0,90.0,81.0,3560.0,30.553224687933426,33.85575589459084,3114
2103.0,33.0,9.0,159.0,346.0,415.0,129.0,337.0,61.0,186.0,224.0,192.0,12.0,5866.0,32.543271516880644,29.403233475986685,3115
2270.0,26.0,42.0,93.0,361.0,929.0,162.0,365.0,71.0,90.0,20.0,103.0,8.0,5372.0,26.584801762114537,24.237885462555067,3201
2044.0,0.0,40.0,245.0,280.0,359.0,67.0,237.0,100.0,0.0,272.0,344.0,100.0,4654.0,34.14041095890411,34.403131115459885,3202
1247.0,40.0,12.0,190.0,280.0,140.0,30.0,181.0,48.0,80.0,160.0,20.0,66.0,3200.0,26.032477947072977,27.830793905372897,3204
3122.0,0.0,247.0,216.0,740.0,677.0,249.0,159.0,8.0,267.0,278.0,194.0,87.0,6413.0,27.42216527866752,28.43209481101858,3207
2862.0,56.0,60.0,205.0,896.0,351.0,151.0,555.0,48.0,55.0,119.0,366.0,0.0,6788.0,30.32311320754717,26.595038434661078,3208
2516.0,8.0,105.0,256.0,722.0,512.0,210.0,260.0,120.0,127.0,83.0,97.0,16.0,5424.0,25.412658982511925,23.008744038155804,3209
1333.0,4.0,18.0,138.0,266.0,307.0,114.0,241.0,134.0,30.0,54.0,18.0,9.0,3250.0,26.180420105026258,24.246061515378845,3211
1957.0,0.0,41.0,194.0,378.0,304.0,58.0,443.0,181.0,158.0,85.0,63.0,52.0,4102.0,28.04867143587123,27.864077669902912,3212
1869.0,30.0,110.0,43.0,281.0,330.0,197.0,421.0,131.0,47.0,170.0,54.0,55.0,3798.0,28.254414125200643,29.24291064740503,3213
2315.0,0.0,16.0,157.0,261.0,591.0,158.0,481.0,157.0,118.0,194.0,173.0,9.0,5058.0,31.980993520518357,29.084233261339094,3214
1617.0,57.0,71.0,86.0,228.0,263.0,122.0,411.0,88.0,43.0,90.0,120.0,38.0,3760.0,29.217687074829932,27.993197278911566,3301
2111.0,65.0,72.0,117.0,267.0,297.0,216.0,266.0,54.0,103.0,336.0,318.0,0.0,4725.0,36.04050213169114,33.306489815253435,3303
1380.0,17.0,66.0,57.0,233.0,270.0,54.0,274.0,63.0,51.0,150.0,95.0,50.0,3454.0,29.971014492753625,30.471014492753625,3304
2941.0,20.0,15.0,330.0,581.0,513.0,222.0,704.0,54.0,114.0,125.0,239.0,24.0,7060.0,29.367987079224754,26.6695001700102,3305
2466.0,0.0,90.0,474.0,452.0,411.0,193.0,416.0,17.0,69.0,232.0,112.0,0.0,6494.0,27.085563665855638,23.86050283860503,3401
1853.0,0.0,29.0,244.0,380.0,443.0,204.0,240.0,20.0,32.0,38.0,143.0,80.0,4096.0,25.976524554776038,26.867242309767946,3403
1966.0,124.0,167.0,398.0,100.0,298.0,153.0,287.0,31.0,9.0,187.0,212.0,0.0,4800.0,28.40119532044761,25.038148524923702,3404
1752.0,0.0,210.0,171.0,438.0,218.0,115.0,251.0,91.0,88.0,139.0,31.0,0.0,4023.0,25.349457762557076,22.363013698630137,3501
1811.0,0.0,21.0,183.0,265.0,214.0,303.0,249.0,13.0,202.0,211.0,150.0,0.0,4895.0,33.00676421866372,29.066813914964108,3502
1199.0,0.0,116.0,157.0,209.0,157.0,118.0,272.0,34.0,0.0,87.0,39.0,10.0,3357.0,25.76876563803169,23.84070058381985,3601
1465.0,38.0,32.0,309.0,193.0,210.0,146.0,122.0,173.0,80.0,48.0,87.0,27.0,3609.0,26.774402730375428,25.296928327645052,3602
1394.0,0.0,99.0,171.0,293.0,131.0,96.0,320.0,26.0,77.0,54.0,86.0,41.0,2992.0,26.93041606886657,27.087517934002868,3603
10152.0,199.0,885.0,1239.0,1376.0,2107.0,467.0,1675.0,415.0,247.0,901.0,549.0,92.0,10676.0,27.201807525610718,24.96946414499606,3800
1893.0,0.0,16.0,403.0,330.0,305.0,61.0,324.0,71.0,68.0,146.0,113.0,56.0,4422.0,27.327786582144743,26.999471737982038,3901
2259.0,0.0,131.0,254.0,355.0,514.0,182.0,522.0,53.0,42.0,135.0,53.0,18.0,4603.0,26.017596281540506,23.804780876494025,3902
1849.0,0.0,68.0,265.0,629.0,256.0,150.0,204.0,19.0,21.0,127.0,61.0,49.0,4130.0,23.91792861005949,24.05895078420768,4000
2729.0,53.0,371.0,814.0,418.0,348.0,191.0,210.0,69.0,146.0,33.0,28.0,48.0,4318.0,19.40115426896299,18.691828508611213,4101
854.0,0.0,16.0,168.0,372.0,53.0,19.0,183.0,0.0,13.0,30.0,0.0,0.0,2004.0,21.69496487119438,19.59016393442623,4102
2434.0,10.0,182.0,333.0,340.0,597.0,253.0,193.0,24.0,101.0,202.0,153.0,46.0,5749.0,26.905505341002463,26.07230895645029,4200
2169.0,15.0,104.0,569.0,546.0,300.0,85.0,247.0,37.0,62.0,59.0,122.0,23.0,4091.0,23.46000461041955,21.793453204241587,4300
2031.0,27.0,177.0,277.0,525.0,335.0,87.0,341.0,0.0,61.0,146.0,24.0,31.0,4088.0,23.21590349581487,22.42245199409158,4400
1690.0,22.0,107.0,126.0,360.0,266.0,120.0,356.0,87.0,81.0,93.0,42.0,30.0,2431.0,26.241568047337278,25.144970414201183,4501
1126.0,8.0,210.0,173.0,193.0,142.0,119.0,110.0,6.0,43.0,81.0,29.0,12.0,2005.0,22.804396092362346,21.22113676731794,4600
1035.0,24.0,171.0,115.0,215.0,168.0,33.0,101.0,25.0,12.0,46.0,86.0,39.0,1580.0,23.99661835748792,25.14975845410628,4700
1425.0,56.0,188.0,225.0,219.0,275.0,59.0,142.0,25.0,47.0,72.0,92.0,25.0,3789.0,24.03719298245614,23.042105263157893,4800
2019.0,38.0,80.0,402.0,481.0,271.0,176.0,209.0,109.0,99.0,63.0,71.0,20.0,5173.0,24.175705794947994,22.11738484398217,4900
751.0,28.0,86.0,158.0,123.0,79.0,53.0,82.0,0.0,32.0,57.0,28.0,25.0,2147.0,22.915113182423436,23.29560585885486,5000
984.0,0.0,56.0,386.0,21.0,242.0,106.0,84.0,0.0,15.0,40.0,16.0,18.0,2074.0,20.985772357723576,20.35569105691057,5101
2367.0,0.0,365.0,348.0,425.0,285.0,189.0,95.0,73.0,105.0,131.0,240.0,111.0,3874.0,25.911596958174904,29.518377693282638,5102
489.0,0.0,0.0,140.0,19.0,0.0,0.0,54.0,0.0,0.0,64.0,156.0,56.0,2198.0,38.67791411042945,42.0961145194274,5103
2057.0,27.0,223.0,464.0,177.0,412.0,126.0,318.0,0.0,109.0,93.0,56.0,52.0,3034.0,23.065508021390375,22.82450170150705,5201
2212.0,0.0,227.0,285.0,676.0,429.0,127.0,308.0,67.0,14.0,15.0,47.0,17.0,4706.0,21.55232820976492,20.84086799276673,5202
1582.0,52.0,166.0,280.0,473.0,190.0,96.0,146.0,0.0,0.0,37.0,92.0,50.0,2533.0,21.27955120101138,24.68078381795196,5301
629.0,56.0,96.0,139.0,72.0,130.0,41.0,38.0,0.0,0.0,17.0,40.0,0.0,3924.0,20.734101748807632,17.83783783783784,5302
754.0,0.0,0.0,32.0,194.0,106.0,88.0,85.0,0.0,25.0,147.0,77.0,0.0,1760.0,34.42208222811671,29.622015915119363,5401
1888.0,84.0,121.0,264.0,391.0,415.0,107.0,289.0,25.0,176.0,16.0,0.0,0.0,4238.0,22.348516949152543,20.05826271186441,5402
847.0,0.0,115.0,120.0,114.0,74.0,50.0,99.0,26.0,31.0,36.0,43.0,139.0,2465.0,21.28866587957497,35.90909090909091,5403
166.0,0.0,59.0,38.0,23.0,0.0,0.0,8.0,0.0,0.0,38.0,0.0,0.0,316.0,21.593373493975903,18.765060240963855,5500
1463.0,0.0,100.0,348.0,362.0,44.0,67.0,153.0,28.0,131.0,0.0,16.0,214.0,2751.0,18.494531784005467,31.449077238550924,5601
1312.0,42.0,285.0,197.0,389.0,158.0,32.0,90.0,0.0,49.0,16.0,37.0,17.0,2111.0,18.73018292682927,17.46951219512195,5602
686.0,16.0,70.0,242.0,80.0,98.0,32.0,13.0,40.0,6.0,18.0,53.0,18.0,1579.0,22.12390670553936,22.048104956268222,5700
1069.0,0.0,145.0,160.0,87.0,236.0,45.0,226.0,0.0,25.0,37.0,81.0,27.0,1691.0,25.810804490177738,25.729653882132833,5801
1265.0,0.0,83.0,145.0,456.0,286.0,73.0,100.0,55.0,10.0,16.0,41.0,0.0,2448.0,22.54071146245059,20.138339920948617,5802
1707.0,40.0,181.0,234.0,389.0,188.0,176.0,168.0,10.0,54.0,151.0,109.0,7.0,3071.0,26.08684827182191,23.444639718804922,5900
1728.0,52.0,174.0,166.0,378.0,199.0,133.0,189.0,62.0,67.0,217.0,91.0,0.0,3910.0,27.689091435185187,24.35763888888889,6000
1170.0,44.0,65.0,259.0,153.0,240.0,89.0,117.0,20.0,59.0,41.0,83.0,0.0,2262.0,25.476709401709403,22.38888888888889,6100
31.0,0.0,0.0,21.0,0.0,10.0,0.0,0.0,0.0,0.0,0.0,0.0,0.0,41.0,15.725806451612904,13.225806451612904,6200
1178.0,12.0,451.0,408.0,158.0,124.0,18.0,0.0,0.0,0.0,0.0,0.0,7.0,3249.0,12.362054329371817,10.64516129032258,6300
1271.0,13.0,152.0,409.0,170.0,232.0,97.0,81.0,0.0,0.0,57.0,23.0,37.0,3332.0,19.285405192761605,20.67663257277734,6500
577.0,11.0,131.0,46.0,118.0,103.0,47.0,48.0,0.0,18.0,18.0,7.0,30.0,1863.0,19.167244367417677,23.795493934142115,6600
1554.0,0.0,75.0,234.0,330.0,295.0,154.0,175.0,32.0,31.0,107.0,113.0,8.0,3157.0,27.322554697554697,24.742599742599744,6801
3204.0,88.0,368.0,437.0,859.0,263.0,178.0,613.0,46.0,55.0,107.0,104.0,86.0,5776.0,22.383504993757803,23.990324594257178,6802
2959.0,51.0,332.0,665.0,512.0,452.0,37.0,353.0,60.0,31.0,121.0,306.0,39.0,6063.0,25.498563703954037,23.060155457924974,6900
1052.0,25.0,25.0,204.0,141.0,260.0,61.0,89.0,29.0,76.0,44.0,39.0,59.0,2983.0,24.002851711026615,26.53041825095057,7002
1520.0,46.0,237.0,290.0,141.0,420.0,40.0,200.0,41.0,105.0,0.0,0.0,0.0,4320.0,20.417763157894736,18.45394736842105,7100
1468.0,21.0,166.0,340.0,279.0,234.0,127.0,124.0,28.0,23.0,33.0,55.0,38.0,5905.0,21.19260899182561,22.670299727520437,7200
999.0,9.0,51.0,169.0,155.0,282.0,104.0,70.0,52.0,23.0,48.0,31.0,5.0,2588.0,24.51901901901902,22.137137137137138,7302
1058.0,0.0,0.0,101.0,260.0,282.0,46.0,186.0,52.0,21.0,91.0,19.0,0.0,1827.0,26.97093572778828,24.08790170132325,7303
1619.0,17.0,41.0,65.0,390.0,437.0,92.0,384.0,53.0,23.0,117.0,0.0,0.0,3525.0,25.921402100061766,23.26127239036442,7304
1552.0,173.0,148.0,244.0,331.0,220.0,84.0,52.0,61.0,64.0,116.0,0.0,59.0,3034.0,19.627255154639176,21.862113402061855,7401
2041.0,72.0,133.0,172.0,445.0,457.0,69.0,419.0,60.0,47.0,68.0,63.0,36.0,4294.0,24.239098481136697,23.598726114649683,7402
2254.0,24.0,393.0,223.0,328.0,262.0,271.0,244.0,10.0,93.0,182.0,77.0,147.0,4061.0,23.29880212954747,29.263531499556343,7501
1863.0,40.0,98.0,198.0,352.0,482.0,161.0,248.0,0.0,87.0,111.0,58.0,28.0,3178.0,25.069914117015568,23.609769189479334,7502
1183.0,7.0,74.0,57.0,217.0,341.0,38.0,279.0,0.0,79.0,56.0,0.0,35.0,2350.0,24.665257819103974,26.568047337278106,7601
1119.0,0.0,164.0,293.0,72.0,253.0,83.0,134.0,26.0,0.0,0.0,74.0,20.0,1719.0,22.348078641644324,21.38963360142985,7602
2649.0,18.0,227.0,249.0,422.0,857.0,240.0,422.0,0.0,85.0,79.0,38.0,12.0,4263.0,23.583333333333332,21.50245375613439,7701
2211.0,21.0,166.0,260.0,448.0,515.0,119.0,390.0,89.0,155.0,35.0,13.0,0.0,3377.0,23.82123473541384,21.59882406151063,7702
3129.0,0.0,102.0,357.0,893.0,799.0,215.0,216.0,108.0,73.0,113.0,171.0,82.0,6096.0,24.83325343560243,24.675615212527966,7800
1544.0,21.0,38.0,70.0,198.0,344.0,77.0,397.0,96.0,17.0,144.0,78.0,64.0,2541.0,29.278497409326423,29.90284974093264,7905
2072.0,47.0,96.0,201.0,332.0,500.0,172.0,383.0,108.0,99.0,74.0,17.0,43.0,3402.0,24.625241312741313,24.362934362934364,7907
2270.0,61.0,163.0,116.0,376.0,682.0,222.0,234.0,49.0,67.0,105.0,183.0,12.0,3484.0,27.49284140969163,24.654185022026432,7908
1564.0,128.0,129.0,90.0,274.0,384.0,152.0,166.0,38.0,54.0,92.0,50.0,7.0,2933.0,24.133951406649615,21.825447570332482,7910
1247.0,32.0,76.0,187.0,190.0,165.0,140.0,293.0,60.0,0.0,58.0,46.0,0.0,2207.0,25.78748997594226,22.882919005613473,7911
1027.0,0.0,135.0,84.0,196.0,97.0,83.0,131.0,21.0,19.0,191.0,64.0,6.0,1680.0,29.87852969814995,26.786757546251216,7912
1070.0,65.0,60.0,61.0,222.0,201.0,189.0,181.0,36.0,18.0,29.0,0.0,8.0,2629.0,22.903971962616822,21.238317757009344,8002
1890.0,41.0,71.0,138.0,254.0,340.0,184.0,533.0,77.0,53.0,72.0,32.0,95.0,3412.0,25.48968253968254,28.124338624338623,8003
1727.0,65.0,41.0,141.0,182.0,375.0,289.0,352.0,99.0,10.0,152.0,5.0,16.0,3792.0,26.504342790966994,25.295309785755645,8006
1418.0,0.0,200.0,132.0,253.0,239.0,155.0,319.0,19.0,57.0,14.0,0.0,30.0,3645.0,22.185119887165023,22.983074753173483,8101
1020.0,9.0,88.0,84.0,57.0,287.0,119.0,300.0,45.0,0.0,5.0,19.0,7.0,3332.0,25.084558823529413,23.357843137254903,8102
667.0,34.0,53.0,49.0,78.0,323.0,29.0,76.0,10.0,5.0,0.0,4.0,6.0,2017.0,20.813343328335833,19.24287856071964,8201
224.0,24.0,0.0,0.0,48.0,61.0,0.0,22.0,6.0,0.0,44.0,11.0,8.0,1129.0,28.386160714285715,29.486607142857142,8202
1032.0,6.0,31.0,65.0,140.0,442.0,68.0,70.0,87.0,71.0,0.0,20.0,32.0,3122.0,24.593023255813954,26.850775193798448,8301
917.0,0.0,49.0,125.0,71.0,373.0,83.0,89.0,55.0,39.0,6.0,19.0,8.0,3243.0,24.21101417666303,22.399127589967286,8303
464.0,12.0,42.0,65.0,167.0,79.0,10.0,66.0,0.0,0.0,4.0,19.0,0.0,1063.0,21.365301724137932,18.954741379310345,8305
1099.0,13.0,64.0,165.0,376.0,186.0,118.0,78.0,9.0,18.0,0.0,72.0,0.0,2822.0,23.31437670609645,20.259326660600546,8306
1536.0,6.0,145.0,304.0,319.0,401.0,63.0,185.0,36.0,21.0,14.0,42.0,0.0,4329.0,21.734049479166668,19.244791666666668,8307
2279.0,63.0,134.0,92.0,212.0,808.0,266.0,280.0,231.0,22.0,57.0,58.0,56.0,6219.0,25.261847301448004,26.04870557261957,8310
741.0,23.0,63.0,38.0,31.0,145.0,170.0,180.0,8.0,15.0,0.0,16.0,52.0,2668.0,23.57962213225371,28.090418353576247,8311
1033.0,39.0,49.0,182.0,291.0,206.0,76.0,106.0,45.0,6.0,23.0,0.0,10.0,3492.0,20.482333010648595,20.024201355275896,8312
679.0,0.0,57.0,134.0,191.0,126.0,35.0,45.0,36.0,8.0,27.0,7.0,13.0,2244.0,21.125552282768776,20.758468335787924,8313
2383.0,65.0,214.0,319.0,553.0,375.0,206.0,506.0,91.0,0.0,24.0,11.0,19.0,6917.0,21.604490138480905,20.721779269827948,8324
1933.0,0.0,152.0,217.0,476.0,603.0,170.0,198.0,16.0,0.0,0.0,60.0,41.0,5617.0,21.707190894981892,22.34092084842214,8327
2150.0,0.0,70.0,148.0,544.0,618.0,186.0,357.0,15.0,65.0,130.0,17.0,0.0,6934.0,25.1046511627907,22.53953488372093,8328
1670.0,19.0,87.0,221.0,379.0,472.0,186.0,162.0,29.0,28.0,30.0,0.0,57.0,4610.0,20.931137724550897,22.90119760479042,8330
912.0,12.0,111.0,104.0,254.0,164.0,40.0,117.0,27.0,12.0,21.0,34.0,16.0,2625.0,22.34676535087719,21.672149122807017,8331
924.0,19.0,11.0,109.0,128.0,104.0,89.0,267.0,41.0,56.0,74.0,21.0,5.0,2147.0,28.780844155844157,26.834415584415584,8336
1859.0,14.0,84.0,72.0,438.0,274.0,163.0,508.0,34.0,137.0,110.0,17.0,8.0,5009.0,27.198762775685854,25.164066702528242,8337
924.0,56.0,76.0,235.0,223.0,93.0,139.0,38.0,12.0,18.0,11.0,7.0,16.0,1788.0,18.420183982683984,18.571428571428573,8339
2261.0,0.0,273.0,430.0,550.0,535.0,140.0,231.0,26.0,11.0,35.0,30.0,0.0,4339.0,20.33668730650155,17.943387881468375,8343
1549.0,11.0,80.0,322.0,515.0,286.0,99.0,119.0,18.0,16.0,28.0,25.0,30.0,3665.0,20.269205939315686,19.922530664945125,8344
1253.0,26.0,33.0,405.0,337.0,212.0,76.0,103.0,19.0,0.0,14.0,0.0,28.0,4186.0,18.300877893056665,18.220271348762967,8345
2026.0,0.0,103.0,252.0,593.0,477.0,170.0,236.0,33.0,39.0,66.0,8.0,49.0,4372.0,21.8923988153998,21.641164856860808,8346
3104.0,33.0,93.0,627.0,350.0,633.0,277.0,714.0,101.0,86.0,50.0,50.0,90.0,6885.0,23.723421391752577,25.465528350515463,8347
2452.0,38.0,192.0,213.0,372.0,464.0,116.0,514.0,119.0,166.0,92.0,91.0,75.0,5063.0,26.19820554649266,27.74469820554649,8348
1810.0,21.0,138.0,127.0,338.0,417.0,192.0,302.0,30.0,25.0,111.0,109.0,0.0,3811.0,27.22941988950276,23.96685082872928,8349
2999.0,0.0,358.0,480.0,690.0,599.0,179.0,424.0,122.0,15.0,96.0,19.0,17.0,6612.0,21.554351450483495,19.596532177392465,8350
2193.0,5.0,121.0,398.0,579.0,499.0,68.0,192.0,42.0,108.0,62.0,74.0,45.0,4578.0,22.959644322845417,22.694938440492475,8351
1844.0,0.0,79.0,45.0,427.0,467.0,121.0,480.0,34.0,0.0,149.0,42.0,0.0,3905.0,27.303280911062906,24.289587852494577,8352
2145.0,30.0,47.0,90.0,533.0,469.0,318.0,380.0,52.0,119.0,35.0,31.0,41.0,4928.0,25.03787878787879,24.487179487179485,8353
1517.0,0.0,109.0,130.0,229.0,357.0,191.0,269.0,38.0,51.0,55.0,37.0,51.0,3065.0,24.882168754119974,26.736980883322346,8355
1724.0,58.0,108.0,90.0,454.0,399.0,216.0,147.0,53.0,27.0,104.0,29.0,39.0,3980.0,23.501160092807424,23.581786542923435,8356
2291.0,19.0,121.0,290.0,578.0,487.0,205.0,406.0,44.0,74.0,67.0,0.0,0.0,4458.0,23.052924487123526,20.587079877782628,8357
3778.0,39.0,479.0,313.0,517.0,918.0,593.0,630.0,61.0,0.0,174.0,27.0,27.0,7334.0,23.181180518793013,21.60005293806247,8358
2439.0,0.0,136.0,474.0,502.0,590.0,208.0,219.0,36.0,46.0,157.0,13.0,58.0,4596.0,22.305965559655597,22.004920049200493,8359
2998.0,16.0,260.0,460.0,733.0,531.0,41.0,503.0,60.0,163.0,227.0,0.0,4.0,7160.0,23.729736490993997,21.195797198132087,8360
1264.0,24.0,38.0,239.0,363.0,217.0,120.0,67.0,24.0,35.0,20.0,77.0,40.0,2742.0,23.150712025316455,24.434335443037973,8361
1368.0,118.0,75.0,304.0,277.0,182.0,61.0,138.0,26.0,26.0,25.0,30.0,106.0,3256.0,18.57547514619883,26.85672514619883,8362
2403.0,0.0,274.0,299.0,429.0,569.0,251.0,355.0,0.0,0.0,118.0,61.0,47.0,5033.0,23.03037869330004,22.478152309612984,8363
2545.0,0.0,148.0,593.0,467.0,467.0,113.0,565.0,87.0,0.0,65.0,40.0,0.0,4958.0,22.93271119842829,20.55599214145383,8364
1027.0,0.0,59.0,68.0,157.0,159.0,133.0,183.0,35.0,45.0,133.0,33.0,22.0,2706.0,29.151168451801365,28.558909444985396,8365
2923.0,45.0,25.0,298.0,828.0,411.0,164.0,664.0,115.0,83.0,133.0,119.0,38.0,7030.0,26.55944235374615,25.3352719808416,8366
1103.0,0.0,61.0,101.0,301.0,217.0,49.0,195.0,7.0,107.0,65.0,0.0,0.0,2881.0,25.198322756119673,22.60199456029012,8367
2740.0,13.0,145.0,191.0,444.0,670.0,235.0,490.0,183.0,194.0,89.0,55.0,31.0,7133.0,26.520894160583943,24.726277372262775,8368
2261.0,0.0,140.0,430.0,124.0,620.0,473.0,201.0,20.0,77.0,78.0,0.0,98.0,4052.0,22.212295444493588,23.6421937195931,8369
2330.0,54.0,194.0,420.0,546.0,688.0,36.0,161.0,17.0,78.0,65.0,71.0,0.0,3897.0,21.804184549356222,19.13519313304721,8370
1359.0,0.0,224.0,300.0,183.0,207.0,357.0,19.0,30.0,0.0,39.0,0.0,0.0,3540.0,19.799300956585725,17.40618101545254,8371
1407.0,154.0,166.0,185.0,287.0,131.0,253.0,194.0,0.0,0.0,37.0,0.0,0.0,3951.0,19.279850746268657,17.039800995024876,8372
1688.0,0.0,78.0,226.0,364.0,411.0,75.0,125.0,0.0,256.0,87.0,66.0,0.0,3606.0,26.997482227488153,24.126184834123222,8373
1876.0,0.0,51.0,232.0,440.0,589.0,160.0,237.0,33.0,55.0,23.0,0.0,56.0,4217.0,21.92204157782516,22.795842217484008,8374
2010.0,0.0,170.0,511.0,479.0,321.0,298.0,137.0,31.0,35.0,28.0,0.0,0.0,3893.0,19.921393034825872,17.380597014925375,8375
2590.0,0.0,66.0,811.0,514.0,786.0,177.0,58.0,0.0,0.0,146.0,0.0,32.0,6565.0,19.987065637065637,18.484555984555985,8376
987.0,0.0,149.0,154.0,368.0,77.0,146.0,60.0,12.0,0.0,21.0,0.0,0.0,1997.0,18.984549138804457,17.05673758865248,8377
358.0,0.0,52.0,73.0,124.0,0.0,12.0,26.0,0.0,0.0,71.0,0.0,0.0,781.0,23.443435754189945,20.01396648044693,8378
1244.0,0.0,133.0,157.0,350.0,302.0,31.0,117.0,0.0,30.0,55.0,24.0,45.0,3889.0,21.311294212218648,21.94533762057878,8379
2886.0,1.0,61.0,208.0,568.0,798.0,376.0,396.0,42.0,79.0,167.0,96.0,94.0,6932.0,26.024514899514898,28.326403326403327,8380
1876.0,0.0,37.0,63.0,512.0,358.0,184.0,628.0,0.0,49.0,15.0,0.0,30.0,3259.0,24.74613539445629,23.94722814498934,8381
2524.0,37.0,80.0,552.0,1001.0,529.0,116.0,105.0,19.0,8.0,50.0,0.0,27.0,5845.0,18.742076069730587,17.95166402535658,8501
3048.0,66.0,129.0,761.0,403.0,392.0,346.0,475.0,156.0,84.0,43.0,86.0,107.0,7310.0,22.837352362204726,23.495734908136484,8502
3723.0,14.0,291.0,966.0,913.0,830.0,197.0,240.0,104.0,0.0,70.0,64.0,34.0,8183.0,20.025517056137524,19.210314262691377,8503
2732.0,132.0,201.0,107.0,828.0,610.0,129.0,305.0,86.0,88.0,98.0,98.0,50.0,5975.0,23.54849926793558,23.61639824304539,8504
2577.0,74.0,235.0,277.0,679.0,650.0,277.0,228.0,30.0,78.0,33.0,16.0,0.0,5600.0,21.081005044625535,18.6418315871168,8505
2023.0,0.0,71.0,293.0,600.0,435.0,165.0,233.0,56.0,30.0,81.0,35.0,24.0,4391.0,23.166213544241227,21.982204646564508,8506
3352.0,61.0,406.0,461.0,1173.0,489.0,237.0,256.0,9.0,20.0,73.0,56.0,111.0,7614.0,19.261858591885442,20.24164677804296,8507
3474.0,0.0,100.0,552.0,718.0,1053.0,182.0,630.0,20.0,107.0,74.0,0.0,38.0,6945.0,22.62190558434082,21.22769142199194,8509
2676.0,0.0,102.0,403.0,673.0,623.0,178.0,537.0,0.0,26.0,65.0,36.0,33.0,6176.0,22.862014200298955,21.593796711509714,8510
2892.0,118.0,544.0,550.0,531.0,543.0,110.0,256.0,65.0,10.0,45.0,111.0,9.0,5074.0,19.939920470262795,17.505186721991702,8511
1839.0,50.0,124.0,204.0,590.0,355.0,101.0,199.0,7.0,69.0,93.0,31.0,16.0,4178.0,22.614600326264274,21.34584013050571,8512
1244.0,0.0,20.0,153.0,301.0,290.0,233.0,226.0,0.0,7.0,7.0,0.0,7.0,2861.0,22.728496784565916,20.868167202572348,8513
3455.0,0.0,176.0,435.0,787.0,600.0,244.0,704.0,74.0,79.0,230.0,117.0,9.0,7481.0,26.240231548480462,23.587554269175108,8600
1512.0,11.0,99.0,120.0,332.0,320.0,197.0,272.0,10.0,41.0,47.0,63.0,0.0,3153.0,25.70056216931217,22.72156084656085,8701
2293.0,48.0,145.0,279.0,473.0,497.0,112.0,306.0,0.0,73.0,207.0,116.0,37.0,5438.0,26.123746184038378,24.25861317051897,8702
3342.0,11.0,103.0,532.0,719.0,667.0,301.0,429.0,34.0,49.0,273.0,160.0,64.0,7051.0,26.037776780371036,24.935667265110713,8800
2572.0,26.0,225.0,409.0,326.0,654.0,99.0,354.0,37.0,133.0,216.0,0.0,93.0,5189.0,23.307348367029547,23.81220839813375,8901
1679.0,32.0,48.0,298.0,590.0,390.0,54.0,130.0,51.0,18.0,39.0,29.0,0.0,2895.0,21.372692078618226,18.990470518165576,8902
2148.0,54.0,63.0,252.0,552.0,401.0,110.0,241.0,93.0,91.0,89.0,128.0,74.0,4727.0,25.580656424581004,25.59124767225326,9000
2456.0,0.0,142.0,302.0,647.0,657.0,57.0,305.0,28.0,80.0,169.0,41.0,28.0,5530.0,23.967732084690553,22.190553745928337,9101
2322.0,18.0,256.0,256.0,857.0,398.0,117.0,215.0,42.0,49.0,62.0,52.0,0.0,4193.0,21.597975882859604,19.00086132644272,9102
1878.0,7.0,113.0,370.0,408.0,448.0,202.0,138.0,8.0,27.0,71.0,63.0,23.0,4167.0,22.71978168264111,21.363152289669863,9103
1136.0,14.0,66.0,122.0,201.0,227.0,165.0,198.0,12.0,0.0,115.0,7.0,9.0,2853.0,25.258582746478872,23.076584507042252,9104
2197.0,101.0,40.0,713.0,489.0,199.0,150.0,238.0,59.0,0.0,171.0,18.0,19.0,5138.0,21.366750113791532,20.566681838871187,9107
754.0,15.0,18.0,152.0,253.0,118.0,19.0,110.0,4.0,15.0,20.0,17.0,13.0,1940.0,21.71087533156499,20.855437665782492,9108
600.0,42.0,191.0,208.0,53.0,51.0,24.0,0.0,0.0,0.0,24.0,7.0,0.0,3733.0,14.439166666666667,11.866666666666667,9109
2719.0,96.0,266.0,123.0,732.0,677.0,218.0,273.0,62.0,95.0,56.0,95.0,26.0,5881.0,23.21588819418904,21.37550570062523,9201
1794.0,79.0,24.0,278.0,470.0,479.0,20.0,206.0,109.0,11.0,42.0,0.0,76.0,3435.0,20.55211817168339,22.196209587513934,9203
1679.0,25.0,217.0,65.0,382.0,469.0,134.0,234.0,0.0,10.0,121.0,0.0,22.0,4013.0,22.535884455032758,20.994639666468135,9204
2672.0,12.0,82.0,570.0,839.0,311.0,247.0,251.0,78.0,29.0,200.0,53.0,0.0,5607.0,23.60872005988024,20.63809880239521,9301
2307.0,0.0,122.0,433.0,404.0,484.0,125.0,382.0,32.0,151.0,100.0,74.0,0.0,4840.0,25.393368010403123,22.46207195491981,9305
2987.0,37.0,180.0,368.0,707.0,754.0,223.0,394.0,73.0,69.0,159.0,23.0,0.0,5666.0,23.468279209909607,20.73819886173418,9306
2388.0,0.0,86.0,225.0,233.0,445.0,514.0,525.0,247.0,72.0,41.0,0.0,0.0,3868.0,26.478329145728644,23.984505862646568,9307
2472.0,73.0,169.0,305.0,474.0,477.0,245.0,568.0,0.0,0.0,68.0,66.0,27.0,4031.0,23.472694174757283,21.660598705501616,9308
3114.0,144.0,1134.0,739.0,359.0,240.0,43.0,173.0,89.0,64.0,99.0,11.0,19.0,5066.0,15.637363519588954,13.951509312780988,9400
1821.0,43.0,71.0,237.0,294.0,551.0,211.0,254.0,0.0,10.0,119.0,21.0,10.0,4134.0,23.87685337726524,21.97968149368479,9502
2352.0,13.0,207.0,87.0,189.0,405.0,326.0,504.0,20.0,133.0,253.0,137.0,78.0,6167.0,29.9578018707483,30.293367346938776,9504
3127.0,0.0,154.0,376.0,619.0,853.0,356.0,512.0,0.0,139.0,58.0,25.0,35.0,6652.0,23.393668052446433,22.173009274064597,9505
1853.0,0.0,146.0,204.0,270.0,526.0,217.0,344.0,25.0,44.0,29.0,16.0,32.0,4576.0,23.146114409066378,23.580679978413382,9506
1776.0,33.0,47.0,415.0,281.0,399.0,139.0,337.0,17.0,34.0,62.0,8.0,4.0,3947.0,22.660754504504503,20.3856981981982,9507
2523.0,47.0,109.0,378.0,513.0,561.0,310.0,264.0,21.0,99.0,171.0,29.0,21.0,4774.0,24.001288149028934,22.522790328973443,9509
1428.0,0.0,24.0,167.0,311.0,369.0,65.0,145.0,175.0,25.0,119.0,6.0,22.0,4916.0,25.8156512605042,26.01890756302521,9510
1200.0,14.0,43.0,57.0,290.0,286.0,145.0,233.0,0.0,45.0,22.0,30.0,35.0,4167.0,24.5525,24.5125,9511
1761.0,44.0,134.0,324.0,399.0,291.0,132.0,248.0,37.0,0.0,53.0,87.0,12.0,4078.0,23.335178875638842,21.51618398637138,9602
2918.0,60.0,119.0,391.0,904.0,447.0,254.0,344.0,16.0,85.0,186.0,51.0,61.0,5768.0,23.242460589444825,23.59150102810144,9603
1570.0,0.0,91.0,185.0,352.0,251.0,118.0,293.0,8.0,32.0,112.0,107.0,21.0,3426.0,27.492356687898088,25.522292993630572,9604
1155.0,0.0,94.0,135.0,264.0,319.0,76.0,188.0,13.0,8.0,26.0,32.0,0.0,3167.0,23.36709956709957,20.73160173160173,9703
2641.0,43.0,115.0,36.0,540.0,579.0,213.0,569.0,109.0,89.0,66.0,188.0,94.0,6574.0,27.905717531238167,30.7970465732677,9704
1667.0,12.0,202.0,174.0,396.0,174.0,130.0,202.0,41.0,40.0,212.0,53.0,31.0,3597.0,25.855128974205158,25.110977804439113,9705
2488.0,32.0,161.0,511.0,545.0,387.0,148.0,286.0,13.0,84.0,243.0,56.0,22.0,7101.0,24.26075160771704,22.580385852090032,9706
2147.0,0.0,14.0,170.0,370.0,413.0,228.0,280.0,230.0,43.0,193.0,162.0,44.0,5075.0,30.810782487191428,30.05356311131812,9801
2806.0,0.0,287.0,240.0,400.0,494.0,300.0,428.0,175.0,160.0,192.0,92.0,38.0,6588.0,27.019957234497504,25.16928011404134,9802
1822.0,0.0,120.0,232.0,247.0,404.0,237.0,178.0,118.0,70.0,162.0,54.0,0.0,5627.0,27.17371020856202,24.459385290889134,9804
1969.0,20.0,180.0,177.0,283.0,387.0,169.0,335.0,101.0,71.0,69.0,145.0,32.0,4748.0,27.489715591670898,26.69883189436262,9805
896.0,54.0,359.0,151.0,103.0,86.0,27.0,34.0,39.0,0.0,21.0,22.0,0.0,969.0,16.205636160714285,13.6328125,9901
1897.0,0.0,75.0,109.0,397.0,342.0,171.0,305.0,11.0,80.0,141.0,208.0,58.0,4557.0,30.591855561412757,32.17185028993147,10001
2328.0,0.0,59.0,237.0,228.0,265.0,139.0,589.0,146.0,151.0,135.0,279.0,100.0,5457.0,32.758268900343644,34.06357388316151,10003
1971.0,36.0,77.0,155.0,346.0,164.0,99.0,272.0,110.0,102.0,286.0,143.0,181.0,5583.0,29.52004058853374,35.81684424150178,10004
2289.0,20.0,14.0,294.0,467.0,204.0,144.0,449.0,153.0,251.0,71.0,185.0,37.0,7201.0,30.218545216251638,29.222367846221058,10005
2786.0,33.0,165.0,299.0,568.0,488.0,171.0,421.0,50.0,139.0,167.0,169.0,116.0,6113.0,26.42830222541278,28.707824838478103,10009
1845.0,43.0,50.0,310.0,467.0,490.0,135.0,172.0,40.0,0.0,84.0,24.0,30.0,5107.0,21.99918699186992,21.065040650406505,10010
1837.0,0.0,31.0,224.0,196.0,274.0,292.0,423.0,81.0,101.0,118.0,71.0,26.0,4547.0,29.00626020685901,27.022318998366902,10011
2132.0,0.0,92.0,490.0,265.0,295.0,110.0,386.0,15.0,109.0,162.0,198.0,10.0,5083.0,29.198170731707318,25.797373358348967,10012
2375.0,0.0,115.0,354.0,325.0,349.0,73.0,346.0,52.0,172.0,402.0,139.0,48.0,5595.0,30.72442105263158,29.549473684210525,10013
1761.0,11.0,68.0,183.0,189.0,256.0,138.0,164.0,106.0,164.0,167.0,103.0,212.0,4369.0,27.5393242475866,42.356615559341286,10015
2711.0,0.0,60.0,100.0,356.0,514.0,369.0,601.0,31.0,190.0,195.0,219.0,76.0,5996.0,31.39939136849871,30.975654739948357,10017
3166.0,0.0,179.0,570.0,534.0,694.0,149.0,299.0,68.0,135.0,334.0,204.0,0.0,6040.0,27.936986734049274,24.23404927353127,10018
1494.0,0.0,29.0,20.0,406.0,282.0,110.0,113.0,206.0,159.0,167.0,2.0,0.0,3400.0,29.489123159303883,26.44243641231593,10019
3155.0,0.0,358.0,391.0,406.0,574.0,194.0,332.0,485.0,73.0,239.0,34.0,69.0,7045.0,25.40879556259905,24.62757527733756,10103
1536.0,0.0,14.0,171.0,93.0,180.0,80.0,350.0,159.0,32.0,185.0,117.0,155.0,3404.0,30.82763671875,41.956380208333336,10104
2015.0,26.0,31.0,241.0,379.0,576.0,39.0,216.0,111.0,156.0,167.0,27.0,46.0,4879.0,26.11501240694789,25.796526054590572,10106
2927.0,26.0,195.0,242.0,373.0,808.0,68.0,458.0,107.0,65.0,362.0,171.0,52.0,6462.0,28.941065937820294,27.642637512811753,10107
1957.0,26.0,80.0,162.0,316.0,339.0,372.0,307.0,0.0,13.0,119.0,155.0,68.0,5167.0,27.85373019928462,28.732754215636177,10109
2707.0,23.0,171.0,211.0,534.0,490.0,215.0,513.0,151.0,106.0,134.0,159.0,0.0,6917.0,28.109900258588844,24.649057997783522,10110
1384.0,0.0,113.0,287.0,235.0,211.0,124.0,94.0,6.0,55.0,144.0,87.0,28.0,3693.0,26.33200867052023,25.628612716763005,10111
2194.0,0.0,78.0,371.0,350.0,261.0,243.0,423.0,85.0,115.0,134.0,77.0,57.0,5429.0,26.694849589790337,26.611212397447584,10112
944.0,45.0,94.0,0.0,111.0,257.0,35.0,108.0,11.0,100.0,97.0,77.0,9.0,3325.0,30.264036016949152,28.02436440677966,10201
2196.0,80.0,87.0,264.0,437.0,340.0,99.0,298.0,0.0,268.0,157.0,112.0,54.0,3954.0,27.290186703096538,26.26593806921676,10202
2118.0,15.0,180.0,139.0,162.0,394.0,254.0,230.0,39.0,237.0,185.0,264.0,19.0,4423.0,33.2288715769594,30.068460812086876,10300
1218.0,79.0,15.0,215.0,219.0,141.0,108.0,155.0,41.0,15.0,105.0,84.0,41.0,2339.0,26.292077175697866,27.491789819376027,10401
2558.0,0.0,173.0,185.0,371.0,396.0,281.0,542.0,34.0,119.0,168.0,193.0,96.0,5740.0,28.93842845973417,29.437060203283817,10402
502.0,16.0,21.0,46.0,64.0,73.0,30.0,108.0,4.0,18.0,71.0,51.0,0.0,1290.0,32.58017928286853,28.715139442231077,10501
2720.0,0.0,138.0,348.0,304.0,585.0,225.0,484.0,118.0,168.0,174.0,142.0,34.0,5304.0,28.374448529411765,26.68198529411765,10502
786.0,13.0,31.0,93.0,96.0,249.0,52.0,153.0,23.0,45.0,4.0,10.0,17.0,2021.0,23.98027989821883,25.127226463104325,10601
717.0,9.0,91.0,103.0,141.0,152.0,88.0,66.0,0.0,7.0,8.0,18.0,34.0,2343.0,20.24337517433752,22.10599721059972,10800
581.0,22.0,75.0,180.0,37.0,84.0,41.0,53.0,0.0,8.0,51.0,9.0,21.0,1874.0,20.58562822719449,22.555938037865747,10900
1319.0,39.0,143.0,164.0,207.0,299.0,117.0,219.0,29.0,24.0,17.0,10.0,51.0,3052.0,20.96986353297953,24.052312357846855,11000
1401.0,86.0,156.0,287.0,260.0,347.0,36.0,61.0,23.0,4.0,108.0,22.0,11.0,3970.0,20.472519628836544,18.77587437544611,11100
2167.0,16.0,483.0,200.0,215.0,247.0,95.0,280.0,0.0,6.0,527.0,94.0,4.0,2497.0,28.749077065066913,25.613751730503,11300
2592.0,85.0,257.0,176.0,495.0,376.0,128.0,521.0,96.0,127.0,63.0,210.0,58.0,5731.0,27.000675154320987,26.558641975308642,11601
1982.0,18.0,89.0,270.0,261.0,447.0,274.0,177.0,79.0,63.0,94.0,94.0,116.0,4062.0,25.049697275479314,31.924823410696266,11602
2535.0,81.0,141.0,227.0,442.0,595.0,67.0,409.0,72.0,53.0,255.0,193.0,0.0,6542.0,28.88905325443787,25.297830374753453,11700
1502.0,0.0,92.0,287.0,303.0,276.0,129.0,130.0,54.0,57.0,62.0,76.0,36.0,3377.0,24.620838881491345,23.708388814913448,11801
3254.0,69.0,195.0,544.0,553.0,504.0,282.0,539.0,32.0,116.0,152.0,84.0,184.0,7409.0,23.101720958819914,26.72556853103872,11802
2437.0,80.0,84.0,311.0,235.0,581.0,157.0,602.0,34.0,4.0,234.0,66.0,49.0,6050.0,26.476610586787032,25.580631924497332,11902
1130.0,40.0,5.0,197.0,246.0,147.0,27.0,166.0,32.0,12.0,170.0,52.0,36.0,3380.0,27.36946902654867,27.95575221238938,12002
1207.0,0.0,146.0,138.0,166.0,241.0,122.0,149.0,39.0,68.0,68.0,45.0,25.0,2973.0,25.401408450704224,26.08119304059652,12003
1109.0,5.0,131.0,174.0,310.0,90.0,111.0,137.0,11.0,23.0,20.0,91.0,6.0,2228.0,24.702434625789,21.71776375112714,12101
1314.0,14.0,45.0,163.0,249.0,152.0,78.0,187.0,72.0,68.0,186.0,42.0,58.0,3173.0,28.128995433789953,30.08371385083714,12102
1551.0,0.0,50.0,231.0,353.0,184.0,138.0,193.0,114.0,84.0,80.0,101.0,23.0,3655.0,27.909413281753707,25.94455190199871,12200
611.0,7.0,55.0,85.0,100.0,90.0,39.0,48.0,0.0,36.0,57.0,44.0,50.0,1550.0,25.75572831423895,32.87234042553192,12302
1262.0,0.0,111.0,228.0,124.0,103.0,104.0,340.0,49.0,115.0,58.0,21.0,9.0,3559.0,26.497226624405705,24.746434231378764,12303
1915.0,28.0,243.0,274.0,151.0,285.0,144.0,157.0,83.0,172.0,164.0,59.0,155.0,4127.0,24.508355091383812,31.678851174934724,12304
1347.0,23.0,48.0,49.0,224.0,131.0,143.0,301.0,77.0,60.0,123.0,73.0,95.0,2907.0,28.96306607275427,34.73273942093541,12401
2340.0,14.0,89.0,336.0,459.0,347.0,155.0,439.0,33.0,95.0,187.0,145.0,41.0,5602.0,27.900320512820514,26.14316239316239,12402
1454.0,55.0,60.0,145.0,258.0,396.0,97.0,113.0,0.0,50.0,191.0,49.0,40.0,3754.0,26.16248280605227,26.68156808803301,12501
2036.0,21.0,87.0,202.0,535.0,302.0,119.0,235.0,81.0,80.0,222.0,97.0,55.0,4535.0,27.367632612966602,27.897838899803535,12502
1896.0,19.0,97.0,350.0,100.0,369.0,114.0,272.0,0.0,114.0,331.0,130.0,0.0,4994.0,31.240901898734176,27.4789029535865,12600
2207.0,38.0,130.0,317.0,516.0,302.0,284.0,295.0,53.0,34.0,120.0,111.0,7.0,4971.0,25.52899864068872,22.772995015858633,12700
1658.0,14.0,183.0,352.0,281.0,362.0,62.0,135.0,25.0,117.0,87.0,40.0,0.0,3884.0,23.1976779252111,20.389022919179734,12800
1572.0,0.0,103.0,264.0,377.0,155.0,114.0,211.0,156.0,24.0,94.0,34.0,40.0,3348.0,24.509223918575064,25.817430025445294,12900
2463.0,0.0,152.0,516.0,535.0,149.0,218.0,324.0,46.0,62.0,291.0,156.0,14.0,5981.0,27.706151035322776,24.874137231019084,13000
2965.0,37.0,511.0,223.0,327.0,547.0,179.0,381.0,178.0,172.0,242.0,110.0,58.0,6791.0,25.9858347386172,25.569983136593592,13102
1007.0,17.0,76.0,120.0,115.0,199.0,24.0,110.0,32.0,39.0,73.0,134.0,68.0,2296.0,29.390019860973187,32.59185700099305,13103
2674.0,67.0,232.0,168.0,564.0,467.0,137.0,290.0,129.0,54.0,305.0,206.0,55.0,6023.0,28.514865370231863,27.554225878833208,13104
2106.0,0.0,149.0,294.0,196.0,328.0,260.0,296.0,58.0,77.0,214.0,168.0,66.0,5582.0,29.30128205128205,29.62962962962963,13203
1883.0,15.0,171.0,253.0,270.0,278.0,99.0,351.0,25.0,63.0,120.0,175.0,63.0,4729.0,27.967339352097717,29.36802973977695,13204
871.0,19.0,11.0,126.0,101.0,125.0,55.0,207.0,21.0,60.0,38.0,77.0,31.0,2298.0,29.439724454649827,29.5752009184845,13205
3069.0,79.0,196.0,365.0,661.0,448.0,243.0,351.0,134.0,84.0,257.0,228.0,23.0,6807.0,27.767758227435646,25.54415118931248,13206
2265.0,0.0,190.0,124.0,335.0,383.0,124.0,369.0,84.0,115.0,382.0,139.0,20.0,4956.0,31.55430463576159,28.73068432671082,13301
2248.0,0.0,73.0,361.0,239.0,216.0,390.0,348.0,92.0,141.0,201.0,85.0,102.0,6804.0,27.828180604982208,30.25800711743772,13302
1989.0,19.0,64.0,261.0,237.0,331.0,59.0,462.0,8.0,119.0,164.0,175.0,90.0,4837.0,29.741578682755154,31.27199597787833,13303
1918.0,9.0,34.0,284.0,484.0,471.0,84.0,293.0,4.0,25.0,107.0,26.0,97.0,4387.0,22.697732012513036,25.857664233576642,13306
1900.0,0.0,35.0,226.0,361.0,256.0,158.0,292.0,73.0,110.0,159.0,198.0,32.0,5332.0,31.394605263157896,29.63421052631579,13307
1735.0,0.0,133.0,197.0,224.0,245.0,90.0,351.0,191.0,12.0,123.0,97.0,72.0,3793.0,27.787175792507206,29.504322766570606,13308
2876.0,59.0,104.0,267.0,437.0,515.0,160.0,437.0,187.0,187.0,201.0,214.0,108.0,7044.0,29.108223226703757,31.57336578581363,13309
1237.0,0.0,99.0,50.0,241.0,199.0,184.0,246.0,5.0,26.0,107.0,63.0,17.0,2868.0,28.115804365400162,26.418755052546484,13312
1655.0,18.0,73.0,154.0,194.0,325.0,97.0,244.0,47.0,18.0,305.0,111.0,69.0,3862.0,30.67296072507553,30.709969788519636,13315
3587.0,0.0,26.0,295.0,271.0,471.0,555.0,954.0,46.0,227.0,356.0,172.0,214.0,8008.0,30.259687761360468,33.190688597713965,13316
6750.0,0.0,370.0,817.0,849.0,766.0,491.0,973.0,261.0,358.0,933.0,776.0,156.0,14978.0,32.98122222222222,31.52148148148148,13317
3559.0,0.0,193.0,272.0,607.0,806.0,285.0,554.0,141.0,185.0,406.0,100.0,10.0,7484.0,28.52318066872717,25.864006743467264,13318
3577.0,0.0,156.0,520.0,505.0,391.0,163.0,614.0,94.0,59.0,690.0,329.0,56.0,7397.0,32.666340508806265,31.135029354207436,13319
3117.0,0.0,159.0,158.0,102.0,547.0,295.0,808.0,132.0,221.0,498.0,107.0,90.0,7047.0,32.168591594481875,31.750080205325634,13320
3013.0,0.0,81.0,90.0,294.0,374.0,197.0,902.0,213.0,136.0,188.0,451.0,87.0,8302.0,35.690175904414204,34.709591769000994,13321
1777.0,0.0,276.0,165.0,44.0,130.0,214.0,157.0,0.0,46.0,396.0,60.0,289.0,5154.0,25.975801913337087,41.63759144625774,13322
2683.0,1.0,598.0,62.0,211.0,329.0,121.0,488.0,125.0,106.0,405.0,49.0,188.0,6351.0,26.006802087215803,33.26872903466269,13323
552.0,0.0,0.0,0.0,146.0,29.0,0.0,203.0,0.0,0.0,45.0,129.0,0.0,2272.0,39.5901268115942,33.74094202898551,13324
2446.0,0.0,0.0,305.0,110.0,765.0,139.0,235.0,77.0,142.0,435.0,187.0,51.0,5773.0,32.830641864268195,30.578495502861816,13325
2002.0,0.0,146.0,0.0,117.0,324.0,327.0,327.0,0.0,306.0,280.0,50.0,125.0,3989.0,30.75799200799201,33.104395604395606,13326
2843.0,158.0,0.0,342.0,456.0,66.0,360.0,527.0,77.0,612.0,189.0,48.0,8.0,6641.0,29.41602180794935,27.13330988392543,13327
1679.0,11.0,188.0,218.0,190.0,254.0,209.0,218.0,73.0,12.0,141.0,134.0,31.0,4418.0,27.85601548540798,27.039904705181655,13401
2285.0,34.0,161.0,151.0,411.0,415.0,155.0,431.0,64.0,24.0,190.0,190.0,59.0,5938.0,28.740700218818382,28.09628008752735,13409
1955.0,26.0,80.0,173.0,234.0,457.0,83.0,414.0,48.0,80.0,181.0,170.0,9.0,4848.0,30.915728900255754,27.537084398976983,13411
1972.0,0.0,107.0,272.0,208.0,497.0,127.0,259.0,79.0,183.0,166.0,28.0,46.0,4743.0,26.63869168356998,27.31744421906694,13412
4044.0,63.0,148.0,279.0,531.0,788.0,245.0,1211.0,260.0,100.0,244.0,124.0,51.0,7898.0,28.20066765578635,27.041295746785362,13414
616.0,0.0,0.0,25.0,95.0,192.0,44.0,72.0,53.0,36.0,74.0,25.0,0.0,1249.0,31.073051948051948,27.532467532467532,13415
1599.0,0.0,99.0,120.0,161.0,95.0,227.0,291.0,74.0,163.0,264.0,81.0,24.0,4310.0,32.896185115697314,31.363352095059412,13416
753.0,0.0,72.0,65.0,120.0,64.0,55.0,167.0,24.0,69.0,61.0,56.0,0.0,2070.0,30.654382470119522,27.164674634794157,13417
2631.0,0.0,148.0,137.0,341.0,223.0,230.0,553.0,215.0,158.0,308.0,268.0,50.0,6374.0,33.914671227670084,32.744203724819464,13418
1517.0,12.0,32.0,120.0,110.0,176.0,254.0,187.0,148.0,181.0,121.0,158.0,18.0,3224.0,34.40524060646012,33.18061964403428,13420
1714.0,35.0,102.0,112.0,318.0,300.0,61.0,354.0,67.0,60.0,147.0,139.0,19.0,4092.0,29.75014585764294,27.19078179696616,13421
1664.0,0.0,66.0,126.0,456.0,266.0,96.0,410.0,31.0,65.0,101.0,47.0,0.0,3941.0,26.909705528846153,23.834134615384617,13422
1606.0,0.0,123.0,119.0,302.0,331.0,110.0,290.0,81.0,153.0,30.0,43.0,24.0,3157.0,26.114570361145702,25.165006226650064,13423
2825.0,11.0,282.0,106.0,830.0,275.0,80.0,356.0,231.0,119.0,229.0,134.0,172.0,6769.0,26.123805309734514,29.746902654867256,13424
830.0,19.0,48.0,137.0,150.0,57.0,84.0,54.0,0.0,62.0,175.0,14.0,30.0,1895.0,27.721385542168676,28.096385542168676,13425
2772.0,25.0,91.0,189.0,402.0,768.0,323.0,324.0,32.0,169.0,189.0,228.0,32.0,6179.0,29.68515512265512,27.653318903318905,13503
2134.0,0.0,23.0,57.0,249.0,625.0,239.0,312.0,86.0,113.0,272.0,77.0,81.0,3965.0,30.069353327085285,31.281630740393627,13504
3170.0,64.0,342.0,136.0,427.0,641.0,304.0,677.0,60.0,63.0,344.0,102.0,10.0,6484.0,27.572870662460566,24.86750788643533,13505
1934.0,0.0,180.0,147.0,391.0,259.0,214.0,488.0,34.0,79.0,86.0,47.0,9.0,4158.0,26.0064632885212,23.960703205791106,13506
2523.0,0.0,238.0,217.0,373.0,470.0,110.0,500.0,144.0,110.0,183.0,158.0,20.0,6006.0,28.717102655568766,26.777645659928655,13601
2761.0,15.0,122.0,52.0,337.0,523.0,403.0,721.0,65.0,131.0,187.0,128.0,77.0,6136.0,29.428377399492938,30.438247011952193,13604
2819.0,0.0,68.0,193.0,217.0,412.0,250.0,560.0,73.0,270.0,485.0,266.0,25.0,6330.0,35.76135154310039,32.70840723660873,13605
945.0,28.0,20.0,91.0,149.0,192.0,88.0,210.0,24.0,34.0,82.0,27.0,0.0,2726.0,27.751851851851853,25.306878306878307,13607
1621.0,0.0,84.0,100.0,271.0,216.0,191.0,200.0,71.0,248.0,79.0,84.0,77.0,3922.0,28.93568784700802,34.32140653917335,13608
944.0,0.0,87.0,48.0,136.0,239.0,31.0,174.0,29.0,60.0,102.0,38.0,0.0,2466.0,29.010063559322035,25.94279661016949,13701
2205.0,0.0,98.0,286.0,250.0,589.0,132.0,545.0,0.0,36.0,132.0,35.0,102.0,5652.0,24.6702947845805,26.46485260770975,13702
2270.0,0.0,119.0,368.0,329.0,339.0,253.0,294.0,120.0,194.0,91.0,86.0,77.0,5378.0,26.16090308370044,27.26872246696035,13801
1309.0,12.0,43.0,68.0,264.0,290.0,184.0,231.0,9.0,57.0,47.0,80.0,24.0,3428.0,27.619747899159663,26.585179526355997,13802
1411.0,0.0,15.0,66.0,243.0,196.0,256.0,366.0,7.0,99.0,47.0,86.0,30.0,3794.0,29.719525159461377,28.922749822820695,13903
1847.0,17.0,44.0,97.0,268.0,147.0,218.0,445.0,174.0,8.0,128.0,272.0,29.0,4696.0,34.6816459122902,31.78397401191121,13905
2188.0,85.0,137.0,104.0,510.0,230.0,202.0,453.0,80.0,89.0,141.0,66.0,91.0,5060.0,25.634255027422302,27.904478976234003,13906
1669.0,0.0,76.0,141.0,168.0,379.0,296.0,294.0,15.0,101.0,115.0,33.0,51.0,4231.0,26.897094068304373,26.812462552426602,13907
1849.0,25.0,40.0,185.0,173.0,271.0,124.0,674.0,127.0,70.0,108.0,44.0,8.0,4324.0,29.12358031368307,26.503515413737155,13908
2539.0,0.0,148.0,149.0,339.0,521.0,418.0,305.0,46.0,120.0,168.0,263.0,62.0,5856.0,30.502953918865696,30.001969279243795,13909
2049.0,0.0,219.0,232.0,426.0,358.0,188.0,276.0,82.0,23.0,125.0,76.0,44.0,4985.0,24.665080527086385,25.551488530990728,14001
1813.0,0.0,69.0,257.0,285.0,315.0,72.0,223.0,58.0,159.0,30.0,146.0,199.0,4572.0,25.646718146718147,39.49531163816878,14002
1697.0,13.0,36.0,144.0,201.0,394.0,173.0,337.0,39.0,67.0,231.0,11.0,51.0,3818.0,27.999558043606363,29.944018856806128,14101
1763.0,52.0,93.0,61.0,227.0,220.0,118.0,438.0,129.0,156.0,147.0,52.0,70.0,4042.0,28.99276800907544,30.660805445263755,14102
2925.0,0.0,142.0,197.0,437.0,640.0,357.0,653.0,68.0,158.0,96.0,160.0,17.0,6677.0,28.356923076923078,26.16068376068376,14200
1967.0,18.0,46.0,130.0,539.0,289.0,344.0,190.0,103.0,5.0,63.0,125.0,115.0,4281.0,25.60155058464667,28.904422979156074,14300
1549.0,0.0,134.0,161.0,190.0,277.0,68.0,377.0,0.0,89.0,128.0,68.0,57.0,4439.0,27.32859909619109,27.424144609425436,14400
1694.0,15.0,25.0,74.0,430.0,476.0,41.0,321.0,60.0,20.0,66.0,100.0,66.0,3968.0,26.57998819362456,28.276269185360093,14500
2060.0,0.0,11.0,230.0,367.0,502.0,208.0,359.0,107.0,0.0,162.0,73.0,41.0,4684.0,27.230825242718446,25.905339805825243,14601
2198.0,16.0,89.0,183.0,559.0,229.0,295.0,408.0,31.0,33.0,234.0,51.0,70.0,5468.0,26.40400363967243,27.18835304822566,14602
2094.0,52.0,125.0,281.0,192.0,309.0,271.0,552.0,9.0,9.0,85.0,106.0,103.0,3776.0,25.519937917860553,26.98662846227316,14701
1853.0,52.0,124.0,173.0,318.0,375.0,247.0,260.0,32.0,36.0,161.0,64.0,11.0,4340.0,26.168510523475444,24.568267674042094,14702
2287.0,56.0,79.0,338.0,330.0,377.0,309.0,308.0,14.0,123.0,219.0,105.0,29.0,4483.0,27.50426322693485,25.876694359422824,14803
1696.0,52.0,68.0,236.0,339.0,289.0,107.0,385.0,44.0,104.0,54.0,0.0,18.0,4585.0,23.81987028301887,22.777122641509433,14804
2430.0,135.0,117.0,359.0,239.0,794.0,52.0,502.0,0.0,0.0,158.0,52.0,22.0,4585.0,23.756995884773662,21.77777777777778,14805
1528.0,8.0,58.0,230.0,263.0,405.0,114.0,53.0,17.0,46.0,193.0,31.0,110.0,3128.0,24.215150523560208,30.147251308900522,14806
2086.0,85.0,106.0,403.0,284.0,463.0,52.0,336.0,84.0,106.0,105.0,35.0,27.0,4649.0,23.778163950143817,22.732502396931928,14901
1466.0,46.0,172.0,252.0,170.0,176.0,81.0,245.0,85.0,40.0,170.0,29.0,0.0,3007.0,25.72305593451569,23.045702592087313,14902
1689.0,0.0,143.0,220.0,137.0,372.0,121.0,365.0,60.0,8.0,94.0,116.0,53.0,4655.0,27.251924215512137,27.969212551805803,15001
1301.0,0.0,43.0,238.0,93.0,62.0,101.0,198.0,53.0,233.0,143.0,119.0,18.0,2668.0,33.736164488854726,32.37125288239815,15002
2395.0,22.0,156.0,285.0,248.0,514.0,217.0,452.0,99.0,22.0,150.0,198.0,32.0,5140.0,28.7098121085595,26.613778705636744,15100
1600.0,8.0,86.0,208.0,511.0,199.0,63.0,278.0,29.0,38.0,123.0,57.0,0.0,3940.0,25.57390625,22.703125,15200
1592.0,52.0,202.0,202.0,229.0,253.0,100.0,249.0,132.0,66.0,46.0,61.0,0.0,3727.0,24.792085427135678,21.96608040201005,15301
1754.0,0.0,155.0,262.0,223.0,250.0,78.0,332.0,71.0,94.0,182.0,86.0,21.0,4607.0,28.28278221208666,26.45381984036488,15302
1031.0,5.0,91.0,97.0,48.0,193.0,82.0,215.0,95.0,56.0,69.0,33.0,47.0,2553.0,27.53612997090204,29.757516973811832,15403
2415.0,52.0,159.0,262.0,288.0,221.0,152.0,487.0,233.0,92.0,376.0,93.0,0.0,5539.0,30.672463768115943,27.204968944099377,15405
1172.0,9.0,33.0,100.0,191.0,213.0,68.0,230.0,36.0,81.0,152.0,49.0,10.0,2601.0,30.27773037542662,27.755972696245735,15406
1153.0,0.0,53.0,229.0,275.0,76.0,161.0,110.0,39.0,15.0,123.0,38.0,34.0,3899.0,25.345403295750216,26.656548135299218,15407
1715.0,0.0,12.0,254.0,200.0,131.0,159.0,320.0,76.0,203.0,138.0,156.0,66.0,3897.0,32.036151603498546,32.521865889212826,15408
2119.0,8.0,51.0,320.0,391.0,270.0,111.0,360.0,142.0,123.0,192.0,67.0,84.0,5504.0,27.26663520528551,28.452100047192072,15501
1219.0,25.0,46.0,34.0,84.0,217.0,87.0,322.0,119.0,56.0,120.0,91.0,18.0,3048.0,32.846595570139456,30.87366694011485,15502
2448.0,0.0,114.0,310.0,627.0,304.0,152.0,354.0,165.0,86.0,166.0,170.0,0.0,6071.0,28.421772875816995,25.212418300653596,15601
1121.0,17.0,52.0,56.0,229.0,146.0,138.0,270.0,35.0,22.0,59.0,42.0,55.0,2804.0,26.320026761819804,31.31578947368421,15602
2988.0,73.0,402.0,456.0,513.0,547.0,177.0,481.0,80.0,79.0,123.0,28.0,29.0,6618.0,21.9639390896921,20.481927710843372,15701
1939.0,24.0,253.0,256.0,258.0,215.0,122.0,407.0,95.0,111.0,85.0,77.0,36.0,4441.0,25.59631253223311,26.085611139762765,15704
1263.0,0.0,90.0,110.0,198.0,219.0,0.0,179.0,92.0,25.0,223.0,109.0,18.0,3887.0,32.2333729216152,30.13064133016627,15705
726.0,0.0,102.0,0.0,194.0,35.0,43.0,0.0,65.0,229.0,0.0,58.0,0.0,2668.0,31.198347107438018,29.318181818181817,15706
1578.0,0.0,294.0,273.0,358.0,112.0,275.0,126.0,39.0,0.0,48.0,53.0,0.0,4054.0,21.564955640050698,18.9638783269962,15801
1809.0,85.0,258.0,193.0,233.0,318.0,138.0,263.0,21.0,24.0,46.0,98.0,132.0,4841.0,21.95632946379215,29.91984521835268,15802
1621.0,0.0,131.0,144.0,193.0,259.0,245.0,308.0,55.0,51.0,33.0,176.0,26.0,4201.0,29.55320789636027,27.350400987045035,15901
2089.0,53.0,72.0,167.0,656.0,352.0,172.0,196.0,73.0,32.0,106.0,127.0,83.0,5600.0,25.119195787458114,25.775490665390137,15902
1015.0,0.0,97.0,186.0,222.0,122.0,58.0,138.0,36.0,29.0,75.0,40.0,12.0,2348.0,24.927339901477833,23.17241379310345,16000
2930.0,67.0,215.0,298.0,271.0,588.0,325.0,379.0,143.0,262.0,98.0,246.0,38.0,6500.0,28.95887372013652,27.72866894197952,16100
2089.0,22.0,177.0,369.0,398.0,182.0,364.0,263.0,36.0,176.0,46.0,48.0,8.0,5205.0,24.159406414552418,21.84538056486357,16201
2093.0,51.0,56.0,329.0,322.0,332.0,277.0,415.0,60.0,33.0,36.0,69.0,113.0,4342.0,23.69636884854276,26.08695652173913,16202
2435.0,87.0,91.0,542.0,301.0,367.0,179.0,330.0,28.0,134.0,224.0,86.0,66.0,5540.0,25.403901437371662,25.297741273100616,16301
2366.0,7.0,281.0,342.0,314.0,395.0,257.0,399.0,156.0,102.0,28.0,19.0,66.0,5981.0,22.782967032967033,23.983516483516482,16302
2417.0,22.0,71.0,336.0,167.0,352.0,102.0,271.0,274.0,281.0,196.0,86.0,259.0,5500.0,27.409598676044684,37.30450972279686,16401
1872.0,0.0,25.0,204.0,226.0,434.0,80.0,275.0,27.0,95.0,235.0,101.0,170.0,5508.0,28.106971153846153,34.25480769230769,16403
971.0,9.0,95.0,102.0,36.0,321.0,112.0,179.0,105.0,0.0,0.0,12.0,0.0,3512.0,24.30226570545829,21.740473738414007,16404
3615.0,45.0,390.0,474.0,685.0,381.0,306.0,883.0,89.0,21.0,236.0,54.0,51.0,8610.0,24.167081604426002,23.56154910096819,16502
1442.0,79.0,32.0,274.0,144.0,198.0,23.0,344.0,80.0,36.0,110.0,73.0,49.0,3250.0,26.669556171983356,27.364771151178918,16503
3102.0,0.0,268.0,526.0,304.0,507.0,223.0,725.0,100.0,30.0,177.0,239.0,3.0,6856.0,28.141279819471308,24.993552546744038,16504
1641.0,0.0,159.0,140.0,261.0,304.0,140.0,178.0,38.0,125.0,113.0,169.0,14.0,3709.0,30.078153564899452,27.443631931748932,16606
2546.0,127.0,192.0,324.0,215.0,377.0,184.0,608.0,109.0,80.0,98.0,182.0,50.0,6734.0,27.171838177533385,25.81107619795758,16607
1223.0,0.0,63.0,187.0,116.0,114.0,129.0,311.0,48.0,67.0,99.0,83.0,6.0,2881.0,30.380008176614883,27.40392477514309,16608
2744.0,14.0,256.0,200.0,346.0,587.0,195.0,517.0,51.0,129.0,211.0,101.0,137.0,5897.0,26.2327806122449,29.435131195335277,16609
2252.0,24.0,122.0,198.0,181.0,452.0,192.0,562.0,51.0,116.0,225.0,75.0,54.0,5055.0,28.716141207815276,28.705595026642985,16610
838.0,0.0,75.0,69.0,165.0,115.0,145.0,173.0,57.0,33.0,0.0,6.0,0.0,2004.0,24.463007159904535,22.14200477326969,16613
1516.0,28.0,134.0,129.0,110.0,173.0,159.0,262.0,38.0,160.0,201.0,86.0,36.0,3889.0,30.785125329815305,29.686675461741427,16614
1542.0,0.0,33.0,103.0,247.0,156.0,155.0,292.0,58.0,97.0,239.0,122.0,40.0,4409.0,33.18725680933852,32.44811932555123,16615
1624.0,84.0,144.0,236.0,65.0,301.0,141.0,228.0,67.0,88.0,125.0,102.0,43.0,4041.0,27.052801724137932,27.5307881773399,16616
1701.0,38.0,186.0,162.0,179.0,287.0,122.0,399.0,11.0,102.0,140.0,63.0,12.0,3828.0,27.210464432686656,25.490887713109935,16617
1597.0,28.0,20.0,193.0,303.0,193.0,67.0,351.0,89.0,69.0,183.0,91.0,10.0,3720.0,30.229023168440825,27.752035065748277,16618
1939.0,12.0,0.0,441.0,275.0,378.0,83.0,364.0,45.0,84.0,82.0,136.0,39.0,4232.0,27.207581227436823,25.60598246518824,16619
1171.0,14.0,9.0,248.0,78.0,132.0,247.0,225.0,20.0,79.0,34.0,75.0,10.0,2430.0,28.324935952177626,25.79846285226302,16620
1394.0,0.0,99.0,88.0,207.0,272.0,159.0,208.0,44.0,142.0,92.0,40.0,43.0,3786.0,27.442969870875178,30.72812051649928,16621
1395.0,0.0,36.0,122.0,238.0,82.0,216.0,303.0,43.0,197.0,105.0,53.0,0.0,3061.0,30.88978494623656,27.56272401433692,16703
2617.0,19.0,151.0,383.0,246.0,441.0,341.0,424.0,104.0,56.0,239.0,152.0,61.0,7347.0,28.13899503247994,27.03668322506687,16704
1738.0,92.0,22.0,105.0,270.0,384.0,182.0,118.0,79.0,90.0,185.0,139.0,72.0,4305.0,29.277186421173763,30.2819332566168,16705
1307.0,0.0,142.0,256.0,194.0,304.0,85.0,111.0,128.0,0.0,14.0,73.0,0.0,2922.0,24.069242540168325,21.560826319816375,16706
3469.0,25.0,260.0,303.0,751.0,405.0,229.0,506.0,131.0,130.0,381.0,214.0,134.0,8345.0,28.07228307869703,30.20611127125973,16804
1705.0,60.0,140.0,183.0,381.0,203.0,90.0,274.0,130.0,50.0,41.0,153.0,0.0,4102.0,27.413636363636364,24.85043988269795,16806
3226.0,0.0,52.0,205.0,636.0,548.0,284.0,527.0,117.0,244.0,293.0,236.0,84.0,7837.0,30.76976131432114,30.308431494110355,16807
2230.0,5.0,45.0,388.0,372.0,375.0,174.0,464.0,37.0,77.0,184.0,86.0,23.0,5503.0,27.277354260089687,25.387892376681613,16809
1358.0,41.0,60.0,232.0,139.0,196.0,154.0,200.0,71.0,48.0,175.0,16.0,26.0,2968.0,26.63015463917526,25.868924889543447,16810
1845.0,0.0,91.0,388.0,186.0,313.0,245.0,257.0,80.0,68.0,170.0,47.0,0.0,4734.0,26.72222222222222,23.73170731707317,16811
901.0,0.0,32.0,100.0,89.0,301.0,44.0,122.0,0.0,41.0,40.0,97.0,35.0,3149.0,28.992785793562707,29.67258601553829,16812
1000.0,0.0,61.0,82.0,188.0,211.0,90.0,244.0,31.0,16.0,43.0,34.0,0.0,3325.0,26.58575,23.585,16813
2915.0,0.0,268.0,338.0,211.0,517.0,138.0,709.0,129.0,21.0,234.0,200.0,150.0,7232.0,27.948885077186965,31.62778730703259,16901
1004.0,5.0,79.0,124.0,168.0,125.0,70.0,159.0,52.0,38.0,132.0,49.0,3.0,2700.0,29.086653386454184,25.75199203187251,16902
1266.0,22.0,120.0,84.0,186.0,175.0,149.0,172.0,31.0,88.0,137.0,5.0,97.0,3306.0,24.794036334913113,32.68562401263823,17006
2028.0,36.0,141.0,250.0,267.0,321.0,179.0,567.0,84.0,48.0,77.0,43.0,15.0,4516.0,25.63819033530572,24.240631163708088,17009
1277.0,0.0,89.0,62.0,93.0,138.0,76.0,397.0,96.0,57.0,184.0,24.0,61.0,3213.0,30.30227094753328,34.31088488645263,17010
441.0,8.0,16.0,76.0,47.0,89.0,22.0,61.0,30.0,53.0,32.0,7.0,0.0,2616.0,27.421768707482993,24.53514739229025,17014
1849.0,0.0,57.0,229.0,438.0,350.0,116.0,306.0,37.0,75.0,96.0,145.0,0.0,3959.0,28.38236884802596,25.0,17018
1392.0,0.0,38.0,201.0,87.0,154.0,142.0,335.0,125.0,86.0,172.0,44.0,8.0,3800.0,31.101293103448278,28.832614942528735,17020
1348.0,0.0,12.0,46.0,290.0,108.0,251.0,292.0,64.0,130.0,81.0,30.0,44.0,3685.0,28.939354599406528,29.658753709198812,17021
2324.0,29.0,99.0,116.0,565.0,580.0,307.0,247.0,149.0,54.0,107.0,14.0,57.0,5406.0,24.203635972461274,24.666523235800344,17022
1615.0,12.0,215.0,221.0,209.0,314.0,127.0,189.0,43.0,25.0,212.0,48.0,0.0,3549.0,26.142724458204334,23.18266253869969,17031
1972.0,8.0,45.0,352.0,289.0,197.0,356.0,377.0,61.0,100.0,144.0,35.0,8.0,5451.0,26.900862068965516,24.761663286004058,17033
2365.0,0.0,150.0,336.0,399.0,493.0,254.0,305.0,18.0,159.0,76.0,68.0,107.0,5368.0,24.033403805496828,29.9830866807611,17034
1158.0,9.0,89.0,117.0,227.0,232.0,65.0,182.0,66.0,39.0,99.0,20.0,13.0,3481.0,25.822322970639032,25.22020725388601,17035
1263.0,10.0,37.0,114.0,190.0,361.0,162.0,168.0,53.0,45.0,69.0,27.0,27.0,3373.0,25.854908946951703,27.15360253365004,17036
2205.0,20.0,135.0,355.0,335.0,284.0,137.0,540.0,121.0,90.0,175.0,0.0,13.0,5096.0,25.697845804988663,24.027210884353742,17037
2742.0,0.0,135.0,257.0,582.0,760.0,145.0,308.0,141.0,116.0,173.0,95.0,30.0,6946.0,26.24936177972283,24.719183078045223,17039
1992.0,23.0,48.0,184.0,439.0,239.0,128.0,547.0,139.0,92.0,127.0,14.0,12.0,4606.0,27.081701807228917,25.082831325301203,17040
2399.0,18.0,207.0,220.0,290.0,384.0,136.0,328.0,188.0,137.0,349.0,121.0,21.0,5739.0,30.354210087536472,27.782409337223843,17041
2904.0,46.0,154.0,338.0,506.0,495.0,171.0,388.0,270.0,134.0,203.0,104.0,95.0,6291.0,26.55931473829201,28.576101928374655,17043
2241.0,38.0,99.0,154.0,273.0,378.0,358.0,512.0,85.0,125.0,146.0,23.0,50.0,5590.0,26.977465417224455,26.193663543061135,17044
833.0,14.0,28.0,117.0,128.0,197.0,87.0,154.0,28.0,26.0,42.0,12.0,0.0,2344.0,25.267707082833134,22.418967587034814,17045
1626.0,31.0,32.0,111.0,226.0,348.0,219.0,341.0,50.0,56.0,114.0,71.0,27.0,3809.0,28.406211562115622,27.115621156211564,17046
1731.0,5.0,235.0,138.0,229.0,393.0,252.0,283.0,34.0,26.0,116.0,5.0,15.0,4520.0,23.888792605430385,22.351242056614673,17047
2655.0,77.0,350.0,427.0,279.0,281.0,107.0,713.0,165.0,79.0,131.0,46.0,0.0,5995.0,24.62532956685499,22.01129943502825,17048
1289.0,53.0,111.0,194.0,91.0,226.0,60.0,239.0,71.0,106.0,88.0,17.0,33.0,2878.0,25.267261442979052,25.55857253685027,17049
1108.0,1.0,76.0,177.0,194.0,232.0,120.0,162.0,43.0,84.0,19.0,0.0,0.0,2996.0,23.60085740072202,21.21841155234657,17050
2376.0,48.0,218.0,369.0,270.0,409.0,120.0,504.0,28.0,210.0,153.0,24.0,23.0,5291.0,25.177083333333332,23.406986531986533,17051
2462.0,17.0,164.0,411.0,263.0,305.0,226.0,504.0,86.0,189.0,259.0,38.0,0.0,5287.0,27.717201462225834,24.872055239642567,17052
1043.0,9.0,72.0,157.0,223.0,52.0,83.0,225.0,21.0,126.0,47.0,28.0,0.0,3506.0,26.763422818791945,23.887823585810164,17053
2299.0,37.0,228.0,717.0,453.0,128.0,128.0,324.0,121.0,37.0,78.0,12.0,36.0,5941.0,20.33362331448456,20.078294910830795,17054
2447.0,8.0,179.0,237.0,392.0,494.0,320.0,415.0,28.0,235.0,139.0,0.0,0.0,5050.0,25.728340825500613,23.222313036371066,17055
2084.0,29.0,242.0,164.0,379.0,484.0,171.0,367.0,67.0,122.0,40.0,19.0,0.0,4452.0,23.667226487523994,21.154030710172744,17056
1499.0,0.0,99.0,302.0,120.0,135.0,246.0,257.0,13.0,52.0,161.0,85.0,29.0,3797.0,28.243995997331556,26.914609739826552,17057
2194.0,100.0,103.0,250.0,626.0,463.0,185.0,211.0,94.0,48.0,114.0,0.0,0.0,4407.0,22.353463992707383,20.013673655423883,17058
1041.0,0.0,74.0,189.0,332.0,0.0,48.0,207.0,45.0,83.0,63.0,0.0,0.0,3489.0,24.31628242074928,21.58981748318924,17059
650.0,28.0,0.0,174.0,22.0,112.0,44.0,72.0,59.0,17.0,122.0,0.0,0.0,3269.0,27.80076923076923,24.4,17060
1026.0,24.0,53.0,47.0,78.0,282.0,124.0,185.0,123.0,0.0,41.0,69.0,0.0,3486.0,29.364278752436647,25.964912280701753,17061
1654.0,0.0,0.0,135.0,205.0,487.0,208.0,313.0,77.0,37.0,109.0,37.0,46.0,4913.0,27.273125755743653,27.769044740024185,17062
1922.0,0.0,285.0,593.0,270.0,308.0,96.0,121.0,33.0,84.0,132.0,0.0,0.0,4882.0,20.576482830385014,18.051508844953172,17063
3658.0,0.0,303.0,378.0,273.0,376.0,296.0,1302.0,249.0,266.0,179.0,36.0,0.0,8467.0,28.287247129579004,25.477036632039365,17064
3173.0,43.0,85.0,137.0,337.0,370.0,163.0,1122.0,280.0,169.0,285.0,17.0,165.0,9628.0,28.87448786637252,31.81531673495115,17065
1736.0,67.0,109.0,606.0,159.0,128.0,0.0,228.0,225.0,32.0,182.0,0.0,0.0,4911.0,23.635080645161292,20.910138248847925,17066
947.0,23.0,93.0,117.0,183.0,138.0,100.0,155.0,91.0,18.0,27.0,0.0,2.0,2645.0,23.140707497360083,21.087645195353748,17067
2183.0,71.0,243.0,249.0,324.0,398.0,208.0,343.0,91.0,63.0,152.0,13.0,28.0,4890.0,23.677508016491068,22.400366468163078,17068
1020.0,0.0,62.0,47.0,97.0,131.0,93.0,220.0,89.0,19.0,167.0,0.0,95.0,2395.0,27.803186274509805,33.21568627450981,17069
2198.0,34.0,62.0,438.0,87.0,263.0,198.0,743.0,61.0,108.0,139.0,19.0,46.0,5749.0,26.70257051865332,26.43767060964513,17070
2103.0,68.0,116.0,335.0,148.0,301.0,184.0,410.0,123.0,222.0,169.0,27.0,0.0,6262.0,27.56169757489301,24.73846885401807,17071
1568.0,83.0,177.0,307.0,201.0,189.0,111.0,321.0,50.0,4.0,78.0,44.0,3.0,3752.0,23.01466836734694,20.65688775510204,17104
1150.0,56.0,50.0,108.0,167.0,122.0,162.0,213.0,30.0,79.0,0.0,74.0,89.0,4661.0,25.167391304347827,31.53913043478261,17106
1038.0,6.0,93.0,110.0,143.0,112.0,20.0,176.0,105.0,86.0,112.0,75.0,0.0,3083.0,31.315510597302506,27.914258188824665,17107
1989.0,55.0,163.0,176.0,354.0,351.0,151.0,385.0,57.0,40.0,175.0,55.0,27.0,4722.0,25.898064353946708,24.524886877828056,17108
2529.0,129.0,150.0,389.0,415.0,390.0,116.0,327.0,114.0,172.0,210.0,100.0,17.0,6376.0,26.226769474100436,23.922499011466982,17109
1401.0,0.0,86.0,0.0,170.0,192.0,69.0,281.0,95.0,199.0,209.0,94.0,6.0,4696.0,35.02123483226267,32.262669521770164,17111
845.0,15.0,17.0,32.0,65.0,240.0,96.0,84.0,21.0,72.0,96.0,81.0,26.0,2305.0,32.49585798816568,32.781065088757394,17112
1928.0,0.0,124.0,77.0,222.0,513.0,39.0,460.0,131.0,69.0,171.0,104.0,18.0,5637.0,30.08700726141079,28.070539419087137,17113
792.0,11.0,143.0,54.0,176.0,163.0,89.0,156.0,0.0,0.0,0.0,0.0,0.0,2277.0,20.252525252525253,17.9229797979798,17201
417.0,23.0,12.0,126.0,55.0,117.0,18.0,53.0,0.0,0.0,0.0,0.0,13.0,1714.0,18.069544364508392,19.040767386091126,17202
997.0,0.0,139.0,30.0,225.0,194.0,84.0,183.0,8.0,17.0,23.0,50.0,44.0,3455.0,24.035356068204614,26.25877632898696,17303
1030.0,29.0,43.0,70.0,57.0,231.0,174.0,323.0,50.0,10.0,0.0,15.0,28.0,3167.0,25.410194174757283,25.771844660194176,17305
702.0,0.0,46.0,69.0,118.0,147.0,111.0,141.0,8.0,0.0,26.0,18.0,18.0,2203.0,24.553418803418804,25.12108262108262,17306
988.0,35.0,100.0,243.0,210.0,166.0,109.0,79.0,38.0,0.0,0.0,0.0,8.0,2358.0,18.496963562753038,17.16599190283401,17307
1087.0,54.0,270.0,240.0,120.0,143.0,70.0,104.0,35.0,13.0,34.0,4.0,0.0,2779.0,18.16099356025759,15.841766329346827,17308
1536.0,0.0,106.0,277.0,297.0,192.0,96.0,369.0,50.0,42.0,45.0,30.0,32.0,4463.0,23.887532552083332,24.326171875,17403
1620.0,0.0,197.0,224.0,597.0,76.0,46.0,239.0,69.0,79.0,0.0,66.0,27.0,4383.0,22.445987654320987,21.61111111111111,17405
1116.0,0.0,105.0,88.0,271.0,118.0,37.0,177.0,64.0,97.0,130.0,29.0,0.0,3077.0,28.32437275985663,25.14336917562724,17406
961.0,85.0,86.0,238.0,34.0,195.0,80.0,173.0,0.0,0.0,16.0,18.0,36.0,3021.0,19.59573361082206,21.758584807492195,17407
861.0,47.0,81.0,136.0,116.0,197.0,92.0,98.0,0.0,34.0,43.0,0.0,17.0,2219.0,21.272648083623693,21.114982578397214,17408
1200.0,10.0,89.0,54.0,210.0,154.0,148.0,194.0,145.0,0.0,81.0,89.0,26.0,2850.0,29.389791666666667,28.979166666666668,17501
1333.0,40.0,156.0,299.0,173.0,252.0,62.0,160.0,56.0,19.0,56.0,46.0,14.0,3408.0,22.446736684171043,21.67291822955739,17502
1302.0,51.0,150.0,217.0,172.0,98.0,64.0,226.0,64.0,28.0,199.0,20.0,13.0,5335.0,26.015552995391705,24.097542242703533,17601
1059.0,48.0,141.0,113.0,120.0,119.0,50.0,173.0,8.0,105.0,30.0,109.0,43.0,2847.0,27.275731822474032,31.043437204910294,17603
946.0,12.0,20.0,244.0,139.0,172.0,65.0,130.0,54.0,19.0,36.0,11.0,44.0,3724.0,22.306025369978858,28.097251585623678,17605
1396.0,53.0,195.0,146.0,164.0,186.0,12.0,282.0,77.0,126.0,120.0,35.0,0.0,3416.0,26.624283667621775,23.73925501432665,17606
2674.0,15.0,296.0,177.0,649.0,405.0,191.0,369.0,45.0,174.0,276.0,71.0,6.0,5695.0,26.608638743455497,23.87247569184742,17701
1835.0,113.0,167.0,334.0,262.0,265.0,90.0,207.0,149.0,61.0,83.0,52.0,52.0,3621.0,22.843732970027247,23.653950953678475,17702
3000.0,89.0,163.0,283.0,443.0,470.0,291.0,294.0,83.0,209.0,390.0,147.0,138.0,7197.0,28.153333333333332,29.438333333333333,17801
1588.0,0.0,255.0,390.0,224.0,48.0,69.0,229.0,15.0,100.0,180.0,39.0,39.0,5861.0,24.15617128463476,23.561083123425693,17808
884.0,7.0,36.0,189.0,179.0,107.0,35.0,90.0,28.0,70.0,91.0,48.0,4.0,2412.0,27.71804298642534,25.192307692307693,17809
1702.0,21.0,106.0,235.0,295.0,90.0,131.0,269.0,24.0,250.0,153.0,79.0,49.0,4775.0,28.694623971797885,29.49177438307873,17810
2530.0,14.0,223.0,434.0,427.0,291.0,198.0,414.0,50.0,45.0,273.0,119.0,42.0,6416.0,26.547727272727272,26.120553359683793,17811
1573.0,38.0,85.0,129.0,288.0,292.0,71.0,296.0,57.0,54.0,178.0,72.0,13.0,4806.0,28.44850603941513,26.27145581691036,17813
1932.0,20.0,248.0,134.0,532.0,232.0,120.0,213.0,11.0,34.0,77.0,311.0,0.0,3833.0,29.804218426501034,26.04813664596273,17901
1757.0,0.0,119.0,200.0,118.0,629.0,383.0,89.0,8.0,82.0,96.0,24.0,9.0,3121.0,24.8628343767786,23.232783153101877,17902
1903.0,0.0,214.0,285.0,340.0,271.0,53.0,140.0,74.0,232.0,128.0,107.0,59.0,3614.0,26.6077246452969,28.234366789280084,18000
1449.0,0.0,114.0,206.0,429.0,141.0,63.0,132.0,14.0,63.0,138.0,61.0,88.0,3194.0,24.28536922015183,29.92063492063492,18101
1408.0,37.0,205.0,243.0,142.0,269.0,67.0,92.0,0.0,23.0,169.0,65.0,96.0,2574.0,23.298828125,27.649147727272727,18102
1274.0,56.0,98.0,309.0,22.0,270.0,165.0,139.0,28.0,15.0,72.0,94.0,6.0,2777.0,25.736263736263737,23.37912087912088,18201
1687.0,38.0,48.0,168.0,162.0,460.0,117.0,480.0,51.0,11.0,101.0,51.0,0.0,3590.0,27.32083580320095,24.475400118553644,18202
320.0,0.0,16.0,9.0,13.0,49.0,41.0,76.0,17.0,7.0,37.0,25.0,30.0,848.0,31.00546875,39.109375,18301
726.0,2.0,17.0,36.0,117.0,75.0,133.0,88.0,27.0,50.0,125.0,47.0,9.0,1333.0,33.18353994490358,30.71625344352617,18302
1529.0,27.0,165.0,297.0,271.0,136.0,72.0,167.0,21.0,108.0,68.0,166.0,31.0,3367.0,27.234793982995424,25.725964682799216,18400
2375.0,78.0,283.0,224.0,230.0,466.0,148.0,450.0,23.0,70.0,259.0,68.0,76.0,6423.0,25.651473684210526,26.557894736842105,18504
2342.0,63.0,164.0,347.0,587.0,245.0,147.0,427.0,78.0,46.0,94.0,103.0,41.0,5705.0,24.33539709649872,22.948334756618276,18509
1045.0,21.0,100.0,105.0,243.0,177.0,159.0,71.0,9.0,5.0,37.0,107.0,11.0,2759.0,26.370095693779906,24.32535885167464,18510
2483.0,24.0,77.0,265.0,398.0,418.0,79.0,398.0,125.0,136.0,236.0,241.0,86.0,4725.0,30.776882803060815,30.618203785743052,18511
1204.0,9.0,93.0,189.0,126.0,227.0,134.0,250.0,18.0,24.0,91.0,28.0,15.0,3703.0,25.581602990033222,24.206810631229235,18512
2144.0,5.0,117.0,412.0,641.0,147.0,40.0,130.0,60.0,127.0,234.0,166.0,65.0,5437.0,27.206623134328357,27.82649253731343,18515
1947.0,23.0,41.0,328.0,250.0,480.0,112.0,169.0,9.0,149.0,153.0,199.0,34.0,3924.0,29.7268875192604,28.482280431432972,18516
2062.0,7.0,223.0,146.0,466.0,261.0,97.0,191.0,22.0,55.0,188.0,274.0,132.0,4364.0,29.120756547041708,33.39233753637245,18517
1933.0,28.0,91.0,146.0,490.0,347.0,148.0,325.0,60.0,96.0,100.0,95.0,7.0,3893.0,27.068028970512156,24.423176409725816,18518
2525.0,67.0,70.0,379.0,491.0,412.0,116.0,401.0,153.0,17.0,211.0,156.0,52.0,5962.0,27.24960396039604,26.576237623762378,18519
2489.0,0.0,167.0,122.0,348.0,352.0,151.0,590.0,55.0,73.0,312.0,150.0,169.0,5191.0,29.324226597026918,34.55805544395339,18520
2148.0,83.0,76.0,154.0,138.0,318.0,77.0,658.0,104.0,17.0,199.0,272.0,52.0,5231.0,33.19122439478585,31.49441340782123,18521
2266.0,68.0,47.0,193.0,192.0,366.0,149.0,458.0,73.0,83.0,291.0,197.0,149.0,4907.0,30.84852162400706,35.87819947043248,18522
2236.0,77.0,242.0,151.0,252.0,449.0,133.0,356.0,78.0,40.0,175.0,197.0,86.0,4792.0,27.847160107334528,28.846153846153847,18523
1969.0,0.0,131.0,296.0,155.0,373.0,66.0,501.0,41.0,56.0,147.0,82.0,121.0,4375.0,26.260411376333163,31.053834433722702,18524
2052.0,29.0,49.0,151.0,235.0,263.0,44.0,342.0,26.0,70.0,375.0,329.0,139.0,4584.0,35.6182992202729,38.101851851851855,18525
2410.0,42.0,123.0,348.0,346.0,302.0,195.0,507.0,51.0,94.0,180.0,137.0,85.0,5052.0,27.280082987551868,29.49585062240664,18601
1123.0,0.0,31.0,14.0,248.0,241.0,55.0,191.0,26.0,0.0,191.0,65.0,61.0,3289.0,30.11153161175423,32.3686553873553,18608
3519.0,12.0,75.0,283.0,705.0,413.0,125.0,774.0,35.0,287.0,239.0,387.0,184.0,6486.0,31.115302642796248,33.171355498721226,18609
2378.0,0.0,134.0,260.0,281.0,362.0,206.0,574.0,42.0,45.0,127.0,243.0,104.0,4719.0,29.45721194280908,30.26282590412111,18612
1885.0,9.0,86.0,148.0,397.0,193.0,62.0,210.0,149.0,73.0,276.0,161.0,121.0,3941.0,30.589655172413792,33.87267904509284,18613
1267.0,0.0,82.0,187.0,190.0,67.0,187.0,124.0,22.0,118.0,189.0,101.0,0.0,3231.0,31.84076558800316,27.64798737174428,18615
1417.0,0.0,32.0,17.0,210.0,258.0,36.0,690.0,28.0,7.0,68.0,28.0,43.0,3371.0,28.498235709244884,28.687367678193365,18616
1455.0,20.0,0.0,75.0,164.0,358.0,27.0,310.0,79.0,0.0,191.0,119.0,112.0,3497.0,30.716666666666665,37.786941580756015,18617
2083.0,37.0,65.0,190.0,463.0,292.0,104.0,444.0,7.0,70.0,168.0,149.0,94.0,4206.0,27.936629860777725,29.939990398463753,18618
2178.0,69.0,103.0,303.0,161.0,186.0,71.0,141.0,48.0,111.0,306.0,643.0,36.0,5284.0,40.93388429752066,37.21763085399449,18619
1367.0,0.0,17.0,0.0,266.0,311.0,144.0,347.0,50.0,0.0,121.0,111.0,0.0,2563.0,31.894842721287493,28.690563277249453,18620
1082.0,81.0,32.0,94.0,60.0,88.0,10.0,532.0,84.0,0.0,8.0,93.0,0.0,1990.0,30.276802218114604,27.375231053604438,18621
1566.0,0.0,29.0,84.0,262.0,192.0,372.0,246.0,0.0,20.0,100.0,125.0,136.0,4874.0,28.0316091954023,36.71455938697318,18622
23843.0,705.0,7201.0,7412.0,2448.0,1995.0,568.0,1592.0,530.0,296.0,544.0,491.0,61.0,38223.0,16.838631883571697,14.567378266157782,18700
1318.0,0.0,57.0,115.0,62.0,27.0,142.0,531.0,64.0,61.0,83.0,82.0,94.0,3766.0,30.531676783004553,34.72685887708649,18801
1462.0,11.0,45.0,83.0,175.0,177.0,30.0,410.0,127.0,60.0,213.0,78.0,53.0,4501.0,32.14483584131327,32.24350205198358,18803
1766.0,16.0,190.0,134.0,90.0,112.0,69.0,430.0,14.0,158.0,245.0,128.0,180.0,5049.0,29.938420158550397,42.262174405436014,18804
1403.0,0.0,100.0,101.0,37.0,72.0,50.0,358.0,46.0,72.0,237.0,266.0,64.0,3652.0,38.8643977191732,38.660014255167496,18805
2088.0,15.0,309.0,146.0,163.0,237.0,64.0,438.0,122.0,76.0,110.0,351.0,57.0,5711.0,32.70713601532567,32.17911877394636,18903
2408.0,28.0,305.0,308.0,131.0,288.0,129.0,381.0,137.0,122.0,374.0,143.0,62.0,5972.0,29.769933554817275,30.436046511627907,18904
2817.0,74.0,178.0,216.0,586.0,50.0,145.0,673.0,128.0,207.0,244.0,292.0,24.0,6344.0,31.888001419950303,28.981185658501953,18905
2841.0,170.0,84.0,231.0,467.0,398.0,50.0,513.0,45.0,331.0,306.0,115.0,131.0,6687.0,28.0320309750088,30.55438225976769,18906
2028.0,70.0,130.0,195.0,17.0,503.0,114.0,174.0,75.0,99.0,465.0,128.0,58.0,6382.0,32.12093195266272,31.587771203155818,19001
1322.0,108.0,80.0,58.0,207.0,97.0,65.0,216.0,7.0,80.0,233.0,126.0,45.0,2850.0,31.475605143721634,31.64145234493192,19002
2413.0,81.0,17.0,21.0,227.0,170.0,8.0,517.0,65.0,185.0,665.0,389.0,68.0,5876.0,41.42820140903439,40.38334024036469,19103
2587.0,18.0,39.0,239.0,275.0,387.0,248.0,480.0,155.0,51.0,432.0,233.0,30.0,6353.0,33.826053343641284,32.313490529570934,19105
908.0,5.0,38.0,71.0,95.0,62.0,18.0,277.0,14.0,79.0,125.0,100.0,24.0,2454.0,34.929790748898675,34.107929515418505,19107
563.0,8.0,79.0,57.0,88.0,72.0,8.0,164.0,3.0,10.0,20.0,31.0,23.0,2328.0,24.78241563055062,26.234458259325045,19108
2279.0,28.0,12.0,126.0,102.0,117.0,32.0,575.0,135.0,228.0,456.0,340.0,128.0,4303.0,39.50263273365511,41.54892496709083,19109
1970.0,73.0,124.0,321.0,241.0,30.0,36.0,329.0,71.0,222.0,306.0,186.0,31.0,5282.0,32.430964467005076,30.624365482233504,19110
1591.0,25.0,66.0,114.0,178.0,234.0,51.0,341.0,0.0,11.0,445.0,79.0,47.0,4491.0,33.132463859208045,31.78818353236958,19111
1207.0,9.0,60.0,61.0,144.0,123.0,37.0,432.0,42.0,110.0,51.0,60.0,78.0,2946.0,29.014291632145817,33.529411764705884,19203
2688.0,0.0,43.0,126.0,377.0,558.0,164.0,742.0,110.0,97.0,176.0,227.0,68.0,5603.0,31.336123511904763,30.25483630952381,19205
2550.0,52.0,13.0,151.0,533.0,552.0,256.0,445.0,22.0,96.0,211.0,212.0,7.0,5556.0,30.313823529411764,26.811764705882354,19206
1404.0,56.0,18.0,72.0,166.0,329.0,90.0,314.0,73.0,74.0,106.0,56.0,50.0,3568.0,28.373575498575498,28.728632478632477,19208
1073.0,43.0,60.0,45.0,65.0,77.0,144.0,251.0,0.0,12.0,256.0,81.0,39.0,2865.0,33.73392357875117,35.79217148182666,19209
2515.0,0.0,30.0,185.0,635.0,553.0,284.0,362.0,0.0,81.0,258.0,93.0,34.0,5710.0,27.711530815109345,25.618290258449303,19210
2939.0,10.0,125.0,204.0,513.0,662.0,229.0,320.0,112.0,83.0,428.0,211.0,42.0,6643.0,30.694794147669274,28.59986389928547,19301
3832.0,39.0,92.0,234.0,594.0,639.0,260.0,850.0,133.0,109.0,423.0,386.0,73.0,8190.0,32.3964639874739,31.02035490605428,19303
1458.0,0.0,92.0,27.0,181.0,375.0,117.0,208.0,0.0,33.0,138.0,213.0,74.0,3105.0,32.41906721536351,32.5960219478738,19304
1773.0,13.0,32.0,19.0,426.0,287.0,182.0,312.0,0.0,89.0,192.0,158.0,63.0,4177.0,31.2058657642414,30.496333897349125,19305
3069.0,0.0,195.0,345.0,577.0,422.0,218.0,560.0,62.0,181.0,150.0,169.0,190.0,5961.0,26.121700879765395,29.8989898989899,19403
1588.0,16.0,63.0,103.0,229.0,330.0,80.0,324.0,18.0,102.0,132.0,131.0,60.0,3248.0,30.07588161209068,32.244962216624685,19404
1911.0,27.0,132.0,185.0,308.0,360.0,60.0,316.0,78.0,74.0,144.0,202.0,25.0,3836.0,30.13919413919414,27.375719518576663,19405
2305.0,14.0,157.0,282.0,437.0,384.0,102.0,300.0,102.0,133.0,250.0,127.0,17.0,5066.0,28.53362255965293,26.13882863340564,19406
1589.0,23.0,77.0,120.0,391.0,374.0,34.0,331.0,43.0,47.0,76.0,73.0,0.0,3637.0,26.54436752674638,23.43612334801762,19501
2662.0,13.0,69.0,292.0,625.0,639.0,109.0,678.0,0.0,25.0,99.0,113.0,0.0,6222.0,26.03578136739294,22.975206611570247,19502
2527.0,25.0,74.0,206.0,474.0,542.0,164.0,513.0,63.0,32.0,181.0,167.0,86.0,5144.0,27.96210922041947,27.991689750692522,19503
3465.0,29.0,75.0,219.0,479.0,1090.0,284.0,688.0,107.0,31.0,161.0,238.0,64.0,7060.0,28.31825396825397,28.444444444444443,19601
1960.0,7.0,87.0,190.0,233.0,371.0,152.0,419.0,64.0,154.0,141.0,103.0,39.0,5573.0,29.273086734693877,28.2015306122449,19602
3374.0,72.0,50.0,225.0,918.0,463.0,247.0,526.0,67.0,183.0,463.0,91.0,69.0,7677.0,28.238218731475992,27.53112033195021,19701
2352.0,0.0,184.0,302.0,458.0,549.0,38.0,390.0,53.0,61.0,148.0,142.0,27.0,4909.0,26.47937925170068,24.68324829931973,19702
2445.0,44.0,65.0,582.0,429.0,407.0,150.0,216.0,86.0,56.0,185.0,159.0,66.0,5038.0,25.755112474437627,25.233128834355828,19803
1619.0,52.0,182.0,269.0,297.0,144.0,69.0,143.0,88.0,40.0,162.0,144.0,29.0,4219.0,27.291846819024087,26.646077825818406,19804
1657.0,0.0,124.0,127.0,325.0,338.0,69.0,208.0,72.0,68.0,193.0,76.0,57.0,4134.0,27.723747736873868,29.106819553409778,19805
1085.0,0.0,50.0,217.0,224.0,309.0,43.0,64.0,22.0,43.0,31.0,56.0,26.0,4435.0,23.696082949308757,24.023041474654377,19808
1589.0,13.0,35.0,146.0,275.0,369.0,113.0,116.0,18.0,12.0,203.0,237.0,52.0,4223.0,32.58700440528634,30.92511013215859,19809
2543.0,24.0,101.0,432.0,244.0,181.0,122.0,490.0,137.0,228.0,331.0,202.0,51.0,6489.0,31.96136453008258,30.694062131340935,19810
1934.0,18.0,56.0,216.0,337.0,233.0,32.0,104.0,91.0,217.0,262.0,306.0,62.0,6058.0,35.14503619441572,34.9612202688728,19811
1925.0,0.0,98.0,369.0,344.0,310.0,95.0,362.0,15.0,44.0,68.0,212.0,8.0,4267.0,28.384155844155845,24.84935064935065,19902
2110.0,0.0,147.0,204.0,194.0,530.0,63.0,590.0,0.0,9.0,176.0,167.0,30.0,5034.0,29.41777251184834,27.471563981042653,19903
2869.0,16.0,233.0,460.0,744.0,507.0,132.0,364.0,37.0,23.0,141.0,89.0,123.0,6007.0,22.273527361449982,26.64691530149878,19904
2140.0,10.0,136.0,331.0,543.0,350.0,122.0,232.0,59.0,43.0,186.0,107.0,21.0,5125.0,25.855841121495327,23.44626168224299,19905
2476.0,13.0,42.0,433.0,487.0,314.0,70.0,314.0,45.0,183.0,286.0,242.0,47.0,5772.0,30.766962843295637,29.52140549273021,20015
1348.0,21.0,97.0,306.0,208.0,383.0,30.0,203.0,28.0,38.0,0.0,12.0,22.0,3113.0,20.660237388724035,20.467359050445104,20017
2936.0,81.0,370.0,279.0,604.0,632.0,80.0,474.0,22.0,27.0,243.0,81.0,43.0,7595.0,23.748552452316076,22.626021798365123,20019
2621.0,88.0,182.0,228.0,426.0,488.0,113.0,509.0,89.0,153.0,172.0,100.0,73.0,5564.0,26.300267073636018,27.20908050362457,20021
1991.0,42.0,119.0,347.0,482.0,250.0,58.0,280.0,52.0,57.0,216.0,75.0,13.0,4012.0,25.857106981416372,23.686589653440482,20023
1531.0,76.0,133.0,256.0,211.0,275.0,154.0,203.0,7.0,47.0,107.0,62.0,0.0,4328.0,24.594546048334422,21.485956890920967,20024
2020.0,88.0,71.0,337.0,354.0,330.0,145.0,319.0,51.0,128.0,114.0,83.0,0.0,5188.0,26.005445544554455,23.136138613861387,20025
1596.0,64.0,78.0,110.0,321.0,390.0,69.0,155.0,46.0,69.0,195.0,51.0,48.0,3942.0,26.45128446115288,27.706766917293233,20026
1739.0,9.0,229.0,223.0,359.0,300.0,161.0,258.0,32.0,96.0,32.0,36.0,4.0,3864.0,23.025014376078207,20.796434732604947,20028
3143.0,19.0,216.0,512.0,486.0,635.0,176.0,611.0,87.0,65.0,128.0,165.0,43.0,5990.0,25.67912822144448,25.00954502068088,20029
3365.0,0.0,271.0,449.0,503.0,374.0,71.0,547.0,56.0,242.0,473.0,232.0,147.0,8171.0,29.518053491827636,33.82466567607727,20030
2432.0,0.0,164.0,406.0,560.0,68.0,69.0,473.0,0.0,457.0,128.0,80.0,27.0,6836.0,27.58203125,25.72779605263158,20031
1134.0,0.0,171.0,81.0,213.0,173.0,27.0,78.0,136.0,56.0,117.0,67.0,15.0,3491.0,28.103395061728396,27.645502645502646,20032
2063.0,0.0,162.0,215.0,428.0,348.0,142.0,117.0,97.0,128.0,246.0,164.0,16.0,4773.0,29.70625302956859,27.571497818710615,20033
1045.0,0.0,67.0,8.0,310.0,192.0,51.0,248.0,54.0,26.0,28.0,61.0,0.0,2755.0,27.743540669856458,25.19138755980861,20034
2185.0,15.0,100.0,285.0,478.0,266.0,113.0,285.0,141.0,126.0,149.0,139.0,88.0,6486.0,27.458695652173912,30.558352402745996,20035
1629.0,94.0,293.0,212.0,268.0,197.0,21.0,176.0,15.0,215.0,44.0,86.0,8.0,3475.0,23.924800491098832,21.448741559238798,20036
2077.0,83.0,158.0,421.0,400.0,549.0,118.0,130.0,32.0,50.0,136.0,0.0,0.0,5105.0,21.17308618199326,18.512277323062108,20037
2162.0,18.0,101.0,331.0,213.0,260.0,176.0,277.0,214.0,177.0,233.0,110.0,52.0,5173.0,29.809551341350602,29.720166512488436,20038
993.0,27.0,0.0,175.0,117.0,163.0,62.0,233.0,45.0,53.0,53.0,47.0,18.0,1856.0,27.702165156092647,26.253776435045317,20039
1449.0,21.0,41.0,69.0,146.0,182.0,72.0,344.0,35.0,174.0,163.0,169.0,33.0,4169.0,35.20583160800552,33.53002070393375,20040
1433.0,81.0,73.0,176.0,164.0,189.0,70.0,207.0,13.0,122.0,134.0,146.0,58.0,2843.0,29.599441730635032,29.333565945568736,20041
1000.0,15.0,0.0,287.0,71.0,297.0,78.0,64.0,44.0,47.0,29.0,42.0,26.0,4693.0,24.10225,24.23,20042
1814.0,0.0,58.0,157.0,594.0,163.0,0.0,320.0,47.0,133.0,192.0,119.0,31.0,5572.0,29.398015435501655,28.947078280044103,20043
2838.0,64.0,233.0,184.0,481.0,556.0,67.0,460.0,73.0,204.0,286.0,144.0,86.0,8591.0,27.914552501761804,30.769908386187456,20044
1943.0,12.0,111.0,244.0,356.0,277.0,68.0,302.0,200.0,70.0,146.0,109.0,48.0,3854.0,28.003860010293362,27.03551209469892,20105
1617.0,0.0,82.0,68.0,151.0,230.0,162.0,343.0,51.0,43.0,341.0,117.0,29.0,3606.0,34.25340136054422,32.708719851576994,20106
2030.0,0.0,28.0,117.0,547.0,308.0,69.0,369.0,28.0,141.0,341.0,76.0,6.0,4822.0,30.93362068965517,27.926108374384235,20107
2576.0,37.0,213.0,463.0,284.0,514.0,106.0,592.0,67.0,123.0,101.0,67.0,9.0,5270.0,24.945749223602483,22.451475155279503,20108
2192.0,14.0,233.0,202.0,194.0,433.0,101.0,411.0,89.0,80.0,184.0,231.0,20.0,5042.0,30.724680656934307,28.095346715328468,20109
3277.0,60.0,41.0,366.0,542.0,133.0,220.0,1123.0,221.0,81.0,375.0,95.0,20.0,8227.0,30.117104058590176,27.48703082087275,20110
1717.0,54.0,15.0,47.0,223.0,480.0,0.0,160.0,14.0,118.0,475.0,87.0,44.0,3784.0,33.69758299359348,32.09668025626092,20111
3123.0,24.0,165.0,412.0,417.0,480.0,184.0,453.0,92.0,302.0,439.0,147.0,8.0,7135.0,30.353746397694525,26.882804995196928,20202
2789.0,0.0,110.0,491.0,430.0,467.0,185.0,529.0,94.0,79.0,225.0,130.0,49.0,5862.0,27.16968447472212,26.11868053065615,20206
1959.0,11.0,171.0,199.0,282.0,343.0,87.0,353.0,139.0,76.0,92.0,165.0,41.0,5109.0,28.57861153649821,27.953037263910158,20207
1640.0,0.0,75.0,263.0,299.0,208.0,131.0,395.0,41.0,35.0,104.0,82.0,7.0,3523.0,27.35579268292683,24.5,20208
1918.0,18.0,100.0,467.0,225.0,145.0,247.0,282.0,74.0,98.0,159.0,103.0,0.0,4743.0,27.55070385818561,24.04327424400417,20209
2371.0,20.0,136.0,287.0,372.0,443.0,174.0,289.0,105.0,150.0,176.0,193.0,26.0,5340.0,29.263601855757063,26.71868409953606,20210
2566.0,0.0,170.0,327.0,407.0,307.0,88.0,526.0,0.0,109.0,419.0,40.0,173.0,5945.0,26.75068199532346,33.846453624318,20211
1475.0,35.0,46.0,139.0,222.0,309.0,94.0,256.0,46.0,121.0,116.0,86.0,5.0,4387.0,29.38915254237288,26.43728813559322,20213
1961.0,0.0,71.0,359.0,230.0,321.0,174.0,365.0,39.0,65.0,158.0,169.0,10.0,5009.0,29.652983171851098,26.945436002039777,20214
2726.0,32.0,101.0,338.0,469.0,409.0,77.0,459.0,35.0,95.0,399.0,241.0,71.0,6455.0,30.80695157740279,30.420029347028613,20304
2607.0,0.0,95.0,198.0,416.0,364.0,259.0,606.0,61.0,153.0,92.0,224.0,139.0,5789.0,29.120828538550057,32.48945147679325,20305
2696.0,0.0,91.0,331.0,818.0,327.0,184.0,168.0,179.0,69.0,83.0,278.0,168.0,6293.0,26.663853857566764,32.4536350148368,20308
2317.0,14.0,92.0,212.0,236.0,410.0,341.0,532.0,114.0,131.0,132.0,96.0,7.0,4580.0,29.090634441087612,26.264566249460508,20309
3412.0,30.0,382.0,259.0,362.0,470.0,155.0,422.0,335.0,385.0,391.0,200.0,21.0,8049.0,30.9540592028136,28.33235638921454,20310
1165.0,0.0,16.0,45.0,113.0,196.0,47.0,254.0,41.0,272.0,103.0,32.0,46.0,3247.0,32.230257510729615,33.30472103004292,20311
1786.0,0.0,40.0,43.0,281.0,581.0,151.0,312.0,107.0,103.0,98.0,58.0,12.0,3851.0,28.57194848824188,26.531354983202686,20312
996.0,62.0,126.0,93.0,216.0,42.0,0.0,236.0,57.0,34.0,43.0,24.0,63.0,2956.0,22.397841365461847,29.061244979919678,20313
706.0,21.0,36.0,68.0,93.0,109.0,58.0,150.0,30.0,45.0,24.0,39.0,33.0,2098.0,26.842776203966007,31.51558073654391,20401
1731.0,40.0,71.0,502.0,94.0,182.0,165.0,267.0,27.0,123.0,151.0,64.0,45.0,3848.0,25.920132871172733,25.91854419410745,20403
2719.0,9.0,312.0,462.0,175.0,349.0,210.0,575.0,43.0,132.0,274.0,135.0,43.0,5608.0,27.699889665318132,25.80912100036778,20404
1281.0,18.0,32.0,238.0,202.0,83.0,90.0,285.0,25.0,91.0,132.0,69.0,16.0,3402.0,29.15144418423107,27.384855581576893,20405
1959.0,32.0,248.0,165.0,390.0,308.0,125.0,273.0,68.0,41.0,172.0,54.0,83.0,4519.0,24.23838693210822,25.678917815211843,20500
2592.0,48.0,205.0,243.0,364.0,474.0,102.0,545.0,103.0,94.0,226.0,131.0,57.0,6022.0,27.72048611111111,27.081404320987655,20601
2891.0,19.0,93.0,399.0,524.0,357.0,262.0,530.0,99.0,172.0,259.0,141.0,36.0,6048.0,28.57998962296783,26.738152888273955,20602
1951.0,49.0,350.0,228.0,278.0,238.0,65.0,188.0,38.0,88.0,272.0,157.0,0.0,4390.0,28.192209123526396,24.531009738595593,20705
1969.0,0.0,131.0,272.0,487.0,110.0,71.0,243.0,106.0,251.0,153.0,83.0,62.0,6348.0,27.510538344337228,27.750126968004064,20706
2309.0,0.0,318.0,446.0,464.0,144.0,109.0,385.0,130.0,100.0,114.0,36.0,63.0,5100.0,22.810090948462538,23.614118666089215,20707
1518.0,14.0,78.0,175.0,292.0,149.0,36.0,388.0,96.0,162.0,108.0,0.0,20.0,3553.0,27.043478260869566,25.879446640316207,20708
638.0,20.0,19.0,53.0,163.0,89.0,28.0,112.0,64.0,25.0,28.0,13.0,24.0,1809.0,25.13244514106583,26.786833855799372,20710
1577.0,28.0,48.0,250.0,183.0,147.0,112.0,361.0,79.0,47.0,156.0,144.0,22.0,3906.0,30.987000634115407,29.010779961953077,20711
1921.0,0.0,38.0,101.0,251.0,92.0,87.0,524.0,160.0,89.0,428.0,38.0,113.0,4553.0,32.609057782404996,36.14263404476835,20712
2515.0,0.0,92.0,150.0,191.0,257.0,114.0,721.0,227.0,238.0,413.0,94.0,18.0,5465.0,34.0837972166998,31.37773359840954,20801
1465.0,0.0,67.0,135.0,59.0,135.0,91.0,263.0,22.0,41.0,349.0,294.0,9.0,3329.0,41.1858361774744,36.477815699658706,20805
2700.0,110.0,144.0,288.0,290.0,351.0,124.0,519.0,13.0,203.0,351.0,292.0,15.0,5586.0,32.494537037037034,29.251851851851853,20806
1126.0,0.0,56.0,65.0,125.0,15.0,23.0,187.0,48.0,108.0,250.0,218.0,31.0,2821.0,41.203374777975135,39.87122557726465,20807
2385.0,47.0,39.0,209.0,179.0,59.0,48.0,353.0,121.0,353.0,616.0,312.0,49.0,4933.0,40.129559748427674,37.80293501048218,20810
2457.0,76.0,98.0,167.0,215.0,163.0,14.0,329.0,137.0,157.0,458.0,529.0,114.0,6148.0,39.545991045991045,39.27146927146927,20811
879.0,61.0,83.0,98.0,56.0,82.0,0.0,202.0,0.0,0.0,119.0,175.0,3.0,2192.0,35.031001137656425,30.227531285551763,20812
3057.0,95.0,234.0,257.0,665.0,180.0,47.0,644.0,62.0,36.0,267.0,472.0,98.0,5887.0,31.55192999672882,30.747464834805363,20813
672.0,14.0,18.0,0.0,108.0,79.0,28.0,135.0,75.0,22.0,86.0,54.0,53.0,2420.0,31.739583333333332,38.35565476190476,20902
1105.0,48.0,65.0,91.0,82.0,155.0,6.0,202.0,78.0,52.0,49.0,164.0,113.0,2894.0,30.24185520361991,38.01809954751131,20903
662.0,26.0,15.0,150.0,39.0,162.0,0.0,12.0,0.0,3.0,25.0,185.0,45.0,2170.0,33.37046827794562,34.75075528700906,20904
389.0,0.0,0.0,61.0,0.0,155.0,0.0,42.0,0.0,34.0,17.0,0.0,80.0,1801.0,20.454370179948587,36.74807197943445,21001
392.0,1.0,7.0,255.0,1.0,82.0,0.0,0.0,0.0,0.0,0.0,45.0,1.0,1636.0,21.632653061224488,19.158163265306122,21002
1797.0,268.0,83.0,97.0,29.0,69.0,145.0,50.0,67.0,137.0,244.0,435.0,173.0,5535.0,35.61964385086255,42.075681691708404,21101
468.0,11.0,40.0,43.0,49.0,31.0,18.0,0.0,48.0,3.0,83.0,49.0,93.0,2726.0,27.555021367521366,43.63247863247863,21102
1306.0,59.0,116.0,142.0,171.0,132.0,3.0,193.0,170.0,104.0,64.0,125.0,27.0,3281.0,29.59877488514548,28.518376722817763,21202
2607.0,26.0,105.0,265.0,83.0,314.0,283.0,340.0,182.0,376.0,270.0,339.0,24.0,5915.0,36.05197545070963,32.4530111238972,21204
2963.0,137.0,192.0,387.0,240.0,261.0,280.0,439.0,248.0,230.0,248.0,301.0,0.0,7105.0,31.51940600742491,28.056024299696254,21205
1400.0,57.0,29.0,47.0,75.0,379.0,72.0,322.0,33.0,71.0,191.0,124.0,0.0,3666.0,33.473392857142855,29.867857142857144,21206
1814.0,12.0,19.0,135.0,64.0,61.0,66.0,293.0,127.0,299.0,526.0,115.0,97.0,7790.0,38.330485115766265,42.99062844542448,21302
1296.0,34.0,0.0,97.0,129.0,58.0,68.0,344.0,110.0,86.0,236.0,109.0,25.0,3204.0,35.736111111111114,34.65663580246913,21304
1371.0,18.0,69.0,5.0,65.0,52.0,72.0,347.0,110.0,129.0,282.0,192.0,30.0,3837.0,40.16994894237783,38.8256746900073,21305
2635.0,10.0,129.0,236.0,337.0,424.0,145.0,510.0,81.0,139.0,458.0,138.0,28.0,6006.0,31.649715370018974,30.056925996204935,21306
2062.0,79.0,353.0,237.0,429.0,348.0,62.0,311.0,0.0,100.0,45.0,50.0,48.0,4290.0,21.014185257032008,23.203200775945685,21401
1268.0,24.0,112.0,153.0,230.0,148.0,269.0,87.0,86.0,60.0,67.0,32.0,0.0,2786.0,25.316837539432175,22.342271293375394,21402
1236.0,0.0,0.0,147.0,227.0,637.0,31.0,97.0,24.0,38.0,35.0,0.0,0.0,3813.0,23.065331715210355,20.606796116504853,21501
2598.0,0.0,115.0,178.0,403.0,540.0,310.0,542.0,65.0,85.0,183.0,149.0,28.0,8945.0,28.987009237875288,27.32678983833718,21502
1319.0,13.0,354.0,387.0,140.0,197.0,66.0,81.0,30.0,11.0,30.0,4.0,6.0,2879.0,16.929492039423806,14.935557240333585,21600
658.0,3.0,48.0,71.0,202.0,150.0,35.0,29.0,43.0,0.0,19.0,49.0,9.0,2017.0,24.862841945288753,22.667173252279635,21800
2030.0,40.0,210.0,372.0,304.0,273.0,146.0,307.0,64.0,65.0,130.0,92.0,27.0,3600.0,24.97536945812808,23.263546798029555,21900
2040.0,0.0,214.0,181.0,578.0,257.0,131.0,262.0,23.0,60.0,35.0,90.0,209.0,4504.0,21.51531862745098,28.42401960784314,22000
708.0,0.0,161.0,137.0,52.0,48.0,10.0,89.0,10.0,20.0,98.0,77.0,6.0,2280.0,28.597457627118644,25.720338983050848,22101
1950.0,0.0,163.0,313.0,446.0,188.0,47.0,231.0,127.0,16.0,243.0,100.0,76.0,8017.0,26.528589743589745,27.27948717948718,22102
